edge_id,truth,segment_fp_count,max_consecutive_frames,first_elapsed_s,last_elapsed_s
"((4, 5), 'N')",OPEN,40,30,33.32000017166138,94.5
"((4, 2), 'E')",OPEN,16,5,33.04100012779236,122.92200016975403
"('B', (3, 0), 'S')",OPEN,11,2,4.340000152587891,134.82000017166138
"((0, 1), 'N')",OPEN,6,4,197.6800000667572,231.14000010490417
"((3, 5), 'E')",OPEN,5,2,114.66000008583069,119.98000001907349
"((5, 1), 'N')",OPEN,5,2,5.320000171661377,130.48200011253357
"((6, 0), 'N')",OPEN,5,5,18.34000015258789,18.90000009536743
"((0, 3), 'E')",OPEN,4,2,193.06000018119812,217.1450002193451
"((3, 0), 'E')",OPEN,4,3,134.6800000667572,135.6600000858307
"((2, 4), 'N')",OPEN,3,1,148.6800000667572,171.22000002861023
"('B', (0, 0), 'W')",OPEN,2,2,135.38000011444092,135.52400016784668
"((0, 5), 'N')",OPEN,2,1,171.79800009727478,172.3400001525879
"((4, 0), 'N')",OPEN,2,1,10.22000002861023,127.12000012397766
"((5, 3), 'E')",OPEN,2,1,21.420000076293945,59.080000162124634
"((4, 4), 'N')",OPEN,1,1,144.75999999046326,144.75999999046326
"((4, 6), 'E')",OPEN,1,1,69.44000005722046,69.44000005722046
