edge_id,truth,wall_hits,open_hits,independent_view_hits,correlated_repeat_hits,first_wall_frame,first_wall_stamp,first_wall_elapsed_s,first_open_frame,first_open_stamp,final_state,effective_final_state,ever_wall,ever_false_wall,final_false_wall,effective_false_wall,wall_state_history
"B(0,0,S)",WALL,65,,5,60,1674,1790848277.391,234.3600001335144,,,WALL,WALL,True,False,False,False,"[{""frame_index"": 1674, ""stamp"": 1790848277.391, ""elapsed_s"": 234.3600001335144, ""from"": ""UNKNOWN"", ""to"": ""WALL"", ""score"": 4}]"
"B(0,0,W)",OPEN,2,,1,1,968,1790848178.555,135.52400016784668,,,WALL,OPEN,True,True,True,False,"[{""frame_index"": 968, ""stamp"": 1790848178.555, ""elapsed_s"": 135.52400016784668, ""from"": ""UNKNOWN"", ""to"": ""WALL"", ""score"": 2.0}]"
"B(0,1,W)",WALL,140,,11,129,964,1790848177.991,134.96000003814697,,,WALL,WALL,True,False,False,False,"[{""frame_index"": 964, ""stamp"": 1790848177.991, ""elapsed_s"": 134.96000003814697, ""from"": ""UNKNOWN"", ""to"": ""WALL"", ""score"": 2.0}]"
"B(0,2,W)",WALL,70,,6,64,1582,1790848264.511,221.4800000190735,,,WALL,WALL,True,False,False,False,"[{""frame_index"": 1582, ""stamp"": 1790848264.511, ""elapsed_s"": 221.4800000190735, ""from"": ""UNKNOWN"", ""to"": ""WALL"", ""score"": 3.0}]"
"B(0,3,W)",WALL,144,,9,135,992,1790848181.911,138.88000011444092,,,WALL,WALL,True,False,False,False,"[{""frame_index"": 992, ""stamp"": 1790848181.911, ""elapsed_s"": 138.88000011444092, ""from"": ""UNKNOWN"", ""to"": ""WALL"", ""score"": 2.0}]"
"B(0,4,W)",WALL,281,,14,267,34,1790848047.791,4.759999990463257,,,WALL,WALL,True,False,False,False,"[{""frame_index"": 34, ""stamp"": 1790848047.791, ""elapsed_s"": 4.759999990463257, ""from"": ""UNKNOWN"", ""to"": ""WALL"", ""score"": 2.0}]"
"B(0,5,W)",WALL,186,,10,176,1082,1790848194.511,151.4800000190735,,,WALL,WALL,True,False,False,False,"[{""frame_index"": 1082, ""stamp"": 1790848194.511, ""elapsed_s"": 151.4800000190735, ""from"": ""UNKNOWN"", ""to"": ""WALL"", ""score"": 2.0}]"
"B(0,6,N)",WALL,80,,5,75,1148,1790848203.754,160.72300004959106,,,WALL,WALL,True,False,False,False,"[{""frame_index"": 1148, ""stamp"": 1790848203.754, ""elapsed_s"": 160.72300004959106, ""from"": ""UNKNOWN"", ""to"": ""WALL"", ""score"": 2.0}]"
"B(0,6,W)",WALL,147,,9,138,1082,1790848194.511,151.4800000190735,,,WALL,WALL,True,False,False,False,"[{""frame_index"": 1082, ""stamp"": 1790848194.511, ""elapsed_s"": 151.4800000190735, ""from"": ""UNKNOWN"", ""to"": ""WALL"", ""score"": 2.0}]"
"B(1,0,S)",WALL,86,,9,77,959,1790848177.291,134.25999999046326,,,WALL,WALL,True,False,False,False,"[{""frame_index"": 959, ""stamp"": 1790848177.291, ""elapsed_s"": 134.25999999046326, ""from"": ""UNKNOWN"", ""to"": ""WALL"", ""score"": 4}]"
"B(1,6,N)",WALL,65,,4,61,1153,1790848204.451,161.42000007629395,,,WALL,WALL,True,False,False,False,"[{""frame_index"": 1153, ""stamp"": 1790848204.451, ""elapsed_s"": 161.42000007629395, ""from"": ""UNKNOWN"", ""to"": ""WALL"", ""score"": 3.0}]"
"B(2,0,S)",WALL,194,,14,180,1,1790848043.171,0.1400001049041748,,,WALL,WALL,True,False,False,False,"[{""frame_index"": 1, ""stamp"": 1790848043.171, ""elapsed_s"": 0.1400001049041748, ""from"": ""UNKNOWN"", ""to"": ""WALL"", ""score"": 4}]"
"B(2,6,N)",WALL,147,,6,141,1064,1790848191.991,148.96000003814697,,,WALL,WALL,True,False,False,False,"[{""frame_index"": 1064, ""stamp"": 1790848191.991, ""elapsed_s"": 148.96000003814697, ""from"": ""UNKNOWN"", ""to"": ""WALL"", ""score"": 2.0}]"
"B(3,0,S)",OPEN,11,,4,7,32,1790848047.513,4.482000112533569,,,WALL,OPEN,True,True,True,False,"[{""frame_index"": 32, ""stamp"": 1790848047.513, ""elapsed_s"": 4.482000112533569, ""from"": ""UNKNOWN"", ""to"": ""WALL"", ""score"": 4}]"
"B(3,6,N)",WALL,78,,5,73,485,1790848110.931,67.90000009536743,,,WALL,WALL,True,False,False,False,"[{""frame_index"": 485, ""stamp"": 1790848110.931, ""elapsed_s"": 67.90000009536743, ""from"": ""UNKNOWN"", ""to"": ""WALL"", ""score"": 2.0}]"
"B(4,0,S)",WALL,363,,22,341,1,1790848043.171,0.1400001049041748,,,WALL,WALL,True,False,False,False,"[{""frame_index"": 1, ""stamp"": 1790848043.171, ""elapsed_s"": 0.1400001049041748, ""from"": ""UNKNOWN"", ""to"": ""WALL"", ""score"": 4}]"
"B(4,6,N)",WALL,374,,12,362,454,1790848106.591,63.56000018119812,,,WALL,WALL,True,False,False,False,"[{""frame_index"": 454, ""stamp"": 1790848106.591, ""elapsed_s"": 63.56000018119812, ""from"": ""UNKNOWN"", ""to"": ""WALL"", ""score"": 2.0}]"
"B(5,0,S)",WALL,74,,6,68,85,1790848054.931,11.900000095367432,,,WALL,WALL,True,False,False,False,"[{""frame_index"": 85, ""stamp"": 1790848054.931, ""elapsed_s"": 11.900000095367432, ""from"": ""UNKNOWN"", ""to"": ""WALL"", ""score"": 2.0}]"
"B(5,6,N)",WALL,293,,7,286,496,1790848112.471,69.44000005722046,,,WALL,WALL,True,False,False,False,"[{""frame_index"": 496, ""stamp"": 1790848112.471, ""elapsed_s"": 69.44000005722046, ""from"": ""UNKNOWN"", ""to"": ""WALL"", ""score"": 3.0}]"
"B(6,0,E)",WALL,233,,13,220,60,1790848051.432,8.401000022888184,,,WALL,WALL,True,False,False,False,"[{""frame_index"": 60, ""stamp"": 1790848051.432, ""elapsed_s"": 8.401000022888184, ""from"": ""UNKNOWN"", ""to"": ""WALL"", ""score"": 2.0}]"
"B(6,0,S)",WALL,248,,16,232,77,1790848053.811,10.78000020980835,,,WALL,WALL,True,False,False,False,"[{""frame_index"": 77, ""stamp"": 1790848053.811, ""elapsed_s"": 10.78000020980835, ""from"": ""UNKNOWN"", ""to"": ""WALL"", ""score"": 4}]"
"B(6,1,E)",WALL,249,,16,233,22,1790848046.111,3.080000162124634,,,WALL,WALL,True,False,False,False,"[{""frame_index"": 22, ""stamp"": 1790848046.111, ""elapsed_s"": 3.080000162124634, ""from"": ""UNKNOWN"", ""to"": ""WALL"", ""score"": 2.0}]"
"B(6,2,E)",WALL,239,,16,223,6,1790848043.871,0.8400001525878906,,,WALL,WALL,True,False,False,False,"[{""frame_index"": 6, ""stamp"": 1790848043.871, ""elapsed_s"": 0.8400001525878906, ""from"": ""UNKNOWN"", ""to"": ""WALL"", ""score"": 2.0}]"
"B(6,3,E)",WALL,149,,11,138,78,1790848053.951,10.920000076293945,,,WALL,WALL,True,False,False,False,"[{""frame_index"": 78, ""stamp"": 1790848053.951, ""elapsed_s"": 10.920000076293945, ""from"": ""UNKNOWN"", ""to"": ""WALL"", ""score"": 4}]"
"B(6,4,E)",WALL,109,,7,102,82,1790848054.511,11.480000019073486,,,WALL,WALL,True,False,False,False,"[{""frame_index"": 82, ""stamp"": 1790848054.511, ""elapsed_s"": 11.480000019073486, ""from"": ""UNKNOWN"", ""to"": ""WALL"", ""score"": 4}]"
"B(6,5,E)",WALL,76,,5,71,173,1790848067.251,24.22000002861023,,,WALL,WALL,True,False,False,False,"[{""frame_index"": 173, ""stamp"": 1790848067.251, ""elapsed_s"": 24.22000002861023, ""from"": ""UNKNOWN"", ""to"": ""WALL"", ""score"": 4}]"
"B(6,6,E)",WALL,215,,5,210,501,1790848113.171,70.14000010490417,,,WALL,WALL,True,False,False,False,"[{""frame_index"": 501, ""stamp"": 1790848113.171, ""elapsed_s"": 70.14000010490417, ""from"": ""UNKNOWN"", ""to"": ""WALL"", ""score"": 2.0}]"
"B(6,6,N)",WALL,144,,6,138,500,1790848113.033,70.00200009346008,,,WALL,WALL,True,False,False,False,"[{""frame_index"": 500, ""stamp"": 1790848113.033, ""elapsed_s"": 70.00200009346008, ""from"": ""UNKNOWN"", ""to"": ""WALL"", ""score"": 4}]"
"E(0,0)",OPEN,0,,0,0,,,,,,UNKNOWN,UNKNOWN,False,False,False,False,[]
"E(0,1)",OPEN,0,,0,0,,,,,,UNKNOWN,UNKNOWN,False,False,False,False,[]
"E(0,2)",WALL,310,,14,296,966,1790848178.276,135.24500012397766,,,WALL,WALL,True,False,False,False,"[{""frame_index"": 966, ""stamp"": 1790848178.276, ""elapsed_s"": 135.24500012397766, ""from"": ""UNKNOWN"", ""to"": ""WALL"", ""score"": 2.0}]"
"E(0,3)",OPEN,4,,3,1,1380,1790848236.237,193.20600008964539,,,WALL,WALL,True,True,True,True,"[{""frame_index"": 1380, ""stamp"": 1790848236.237, ""elapsed_s"": 193.20600008964539, ""from"": ""UNKNOWN"", ""to"": ""WALL"", ""score"": 4}]"
"E(0,4)",WALL,198,,11,187,984,1790848180.796,137.76500010490417,,,WALL,WALL,True,False,False,False,"[{""frame_index"": 984, ""stamp"": 1790848180.796, ""elapsed_s"": 137.76500010490417, ""from"": ""UNKNOWN"", ""to"": ""WALL"", ""score"": 2.0}]"
"E(0,5)",OPEN,0,,0,0,,,,,,UNKNOWN,UNKNOWN,False,False,False,False,[]
"E(0,6)",OPEN,0,,0,0,,,,,,UNKNOWN,UNKNOWN,False,False,False,False,[]
"E(1,0)",OPEN,0,,0,0,,,,,,UNKNOWN,UNKNOWN,False,False,False,False,[]
"E(1,1)",OPEN,0,,0,0,,,,,,UNKNOWN,UNKNOWN,False,False,False,False,[]
"E(1,2)",OPEN,0,,0,0,,,,,,UNKNOWN,UNKNOWN,False,False,False,False,[]
"E(1,3)",WALL,371,,18,353,1,1790848043.171,0.1400001049041748,,,WALL,WALL,True,False,False,False,"[{""frame_index"": 1, ""stamp"": 1790848043.171, ""elapsed_s"": 0.1400001049041748, ""from"": ""UNKNOWN"", ""to"": ""WALL"", ""score"": 3.0}]"
"E(1,4)",WALL,255,,12,243,1037,1790848188.211,145.1800000667572,,,WALL,WALL,True,False,False,False,"[{""frame_index"": 1037, ""stamp"": 1790848188.211, ""elapsed_s"": 145.1800000667572, ""from"": ""UNKNOWN"", ""to"": ""WALL"", ""score"": 4}]"
"E(1,5)",OPEN,0,,0,0,,,,,,UNKNOWN,UNKNOWN,False,False,False,False,[]
"E(1,6)",WALL,199,,10,189,1039,1790848188.491,145.46000003814697,,,WALL,WALL,True,False,False,False,"[{""frame_index"": 1039, ""stamp"": 1790848188.491, ""elapsed_s"": 145.46000003814697, ""from"": ""UNKNOWN"", ""to"": ""WALL"", ""score"": 4}]"
"E(2,0)",OPEN,0,,0,0,,,,,,UNKNOWN,UNKNOWN,False,False,False,False,[]
"E(2,1)",OPEN,0,,0,0,,,,,,UNKNOWN,UNKNOWN,False,False,False,False,[]
"E(2,2)",OPEN,0,,0,0,,,,,,UNKNOWN,UNKNOWN,False,False,False,False,[]
"E(2,3)",WALL,200,,10,190,985,1790848180.931,137.90000009536743,,,WALL,WALL,True,False,False,False,"[{""frame_index"": 985, ""stamp"": 1790848180.931, ""elapsed_s"": 137.90000009536743, ""from"": ""UNKNOWN"", ""to"": ""WALL"", ""score"": 4}]"
"E(2,4)",OPEN,0,,0,0,,,,,,UNKNOWN,UNKNOWN,False,False,False,False,[]
"E(2,5)",WALL,407,,15,392,491,1790848111.771,68.74000000953674,,,WALL,WALL,True,False,False,False,"[{""frame_index"": 491, ""stamp"": 1790848111.771, ""elapsed_s"": 68.74000000953674, ""from"": ""UNKNOWN"", ""to"": ""WALL"", ""score"": 2.0}]"
"E(2,6)",WALL,275,,12,263,489,1790848111.496,68.46500015258789,,,WALL,WALL,True,False,False,False,"[{""frame_index"": 489, ""stamp"": 1790848111.496, ""elapsed_s"": 68.46500015258789, ""from"": ""UNKNOWN"", ""to"": ""WALL"", ""score"": 2.0}]"
"E(3,0)",OPEN,4,,1,3,967,1790848178.411,135.38000011444092,,,WALL,WALL,True,True,True,True,"[{""frame_index"": 967, ""stamp"": 1790848178.411, ""elapsed_s"": 135.38000011444092, ""from"": ""UNKNOWN"", ""to"": ""WALL"", ""score"": 4}]"
"E(3,1)",WALL,375,,22,353,1,1790848043.171,0.1400001049041748,,,WALL,WALL,True,False,False,False,"[{""frame_index"": 1, ""stamp"": 1790848043.171, ""elapsed_s"": 0.1400001049041748, ""from"": ""UNKNOWN"", ""to"": ""WALL"", ""score"": 4}]"
"E(3,2)",WALL,427,,26,401,94,1790848056.191,13.160000085830688,,,WALL,WALL,True,False,False,False,"[{""frame_index"": 94, ""stamp"": 1790848056.191, ""elapsed_s"": 13.160000085830688, ""from"": ""UNKNOWN"", ""to"": ""WALL"", ""score"": 2.0}]"
"E(3,3)",WALL,538,,27,511,76,1790848053.673,10.642000198364258,,,WALL,WALL,True,False,False,False,"[{""frame_index"": 76, ""stamp"": 1790848053.673, ""elapsed_s"": 10.642000198364258, ""from"": ""UNKNOWN"", ""to"": ""WALL"", ""score"": 2.0}]"
"E(3,4)",WALL,497,,22,475,447,1790848105.611,62.580000162124634,,,WALL,WALL,True,False,False,False,"[{""frame_index"": 447, ""stamp"": 1790848105.611, ""elapsed_s"": 62.580000162124634, ""from"": ""UNKNOWN"", ""to"": ""WALL"", ""score"": 3.0}]"
"E(3,5)",OPEN,5,,2,3,826,1790848158.671,115.64000010490417,,,WALL,WALL,True,True,True,True,"[{""frame_index"": 826, ""stamp"": 1790848158.671, ""elapsed_s"": 115.64000010490417, ""from"": ""UNKNOWN"", ""to"": ""WALL"", ""score"": 4}]"
"E(3,6)",WALL,353,,10,343,489,1790848111.496,68.46500015258789,,,WALL,WALL,True,False,False,False,"[{""frame_index"": 489, ""stamp"": 1790848111.496, ""elapsed_s"": 68.46500015258789, ""from"": ""UNKNOWN"", ""to"": ""WALL"", ""score"": 4}]"
"E(4,0)",WALL,252,,18,234,1,1790848043.171,0.1400001049041748,,,WALL,WALL,True,False,False,False,"[{""frame_index"": 1, ""stamp"": 1790848043.171, ""elapsed_s"": 0.1400001049041748, ""from"": ""UNKNOWN"", ""to"": ""WALL"", ""score"": 3.0}]"
"E(4,1)",OPEN,0,,0,0,,,,,,UNKNOWN,UNKNOWN,False,False,False,False,[]
"E(4,2)",OPEN,14,,4,10,281,1790848082.371,39.34000015258789,,,WALL,WALL,True,True,True,True,"[{""frame_index"": 281, ""stamp"": 1790848082.371, ""elapsed_s"": 39.34000015258789, ""from"": ""UNKNOWN"", ""to"": ""WALL"", ""score"": 4}]"
"E(4,3)",WALL,299,,14,285,160,1790848065.431,22.40000009536743,,,WALL,WALL,True,False,False,False,"[{""frame_index"": 160, ""stamp"": 1790848065.431, ""elapsed_s"": 22.40000009536743, ""from"": ""UNKNOWN"", ""to"": ""WALL"", ""score"": 2.0}]"
"E(4,4)",WALL,396,,15,381,157,1790848065.011,21.980000019073486,,,WALL,WALL,True,False,False,False,"[{""frame_index"": 157, ""stamp"": 1790848065.011, ""elapsed_s"": 21.980000019073486, ""from"": ""UNKNOWN"", ""to"": ""WALL"", ""score"": 2.0}]"
"E(4,5)",WALL,278,,11,267,157,1790848065.011,21.980000019073486,,,WALL,WALL,True,False,False,False,"[{""frame_index"": 157, ""stamp"": 1790848065.011, ""elapsed_s"": 21.980000019073486, ""from"": ""UNKNOWN"", ""to"": ""WALL"", ""score"": 2.0}]"
"E(4,6)",OPEN,1,,1,0,,,,,,UNKNOWN,UNKNOWN,False,False,False,False,[]
"E(5,0)",OPEN,0,,0,0,,,,,,UNKNOWN,UNKNOWN,False,False,False,False,[]
"E(5,1)",OPEN,0,,0,0,,,,,,UNKNOWN,UNKNOWN,False,False,False,False,[]
"E(5,2)",WALL,291,,17,274,1,1790848043.171,0.1400001049041748,,,WALL,WALL,True,False,False,False,"[{""frame_index"": 1, ""stamp"": 1790848043.171, ""elapsed_s"": 0.1400001049041748, ""from"": ""UNKNOWN"", ""to"": ""WALL"", ""score"": 2.0}]"
"E(5,3)",OPEN,2,,2,0,422,1790848102.111,59.080000162124634,,,WALL,WALL,True,True,True,True,"[{""frame_index"": 422, ""stamp"": 1790848102.111, ""elapsed_s"": 59.080000162124634, ""from"": ""UNKNOWN"", ""to"": ""WALL"", ""score"": 4}]"
"E(5,4)",WALL,96,,7,89,159,1790848065.291,22.259999990463257,,,WALL,WALL,True,False,False,False,"[{""frame_index"": 159, ""stamp"": 1790848065.291, ""elapsed_s"": 22.259999990463257, ""from"": ""UNKNOWN"", ""to"": ""WALL"", ""score"": 4}]"
"E(5,5)",WALL,48,,4,44,166,1790848066.271,23.240000009536743,,,WALL,WALL,True,False,False,False,"[{""frame_index"": 166, ""stamp"": 1790848066.271, ""elapsed_s"": 23.240000009536743, ""from"": ""UNKNOWN"", ""to"": ""WALL"", ""score"": 4}]"
"E(5,6)",OPEN,0,,0,0,,,,,,UNKNOWN,UNKNOWN,False,False,False,False,[]
"N(0,0)",WALL,222,,14,208,985,1790848180.931,137.90000009536743,,,WALL,WALL,True,False,False,False,"[{""frame_index"": 985, ""stamp"": 1790848180.931, ""elapsed_s"": 137.90000009536743, ""from"": ""UNKNOWN"", ""to"": ""WALL"", ""score"": 4}]"
"N(0,1)",OPEN,6,,2,4,1413,1790848240.851,197.82000017166138,,,WALL,WALL,True,True,True,True,"[{""frame_index"": 1413, ""stamp"": 1790848240.851, ""elapsed_s"": 197.82000017166138, ""from"": ""UNKNOWN"", ""to"": ""WALL"", ""score"": 4}]"
"N(0,2)",WALL,127,,9,118,1429,1790848243.091,200.06000018119812,,,WALL,WALL,True,False,False,False,"[{""frame_index"": 1429, ""stamp"": 1790848243.091, ""elapsed_s"": 200.06000018119812, ""from"": ""UNKNOWN"", ""to"": ""WALL"", ""score"": 4}]"
"N(0,3)",OPEN,0,,0,0,,,,,,UNKNOWN,UNKNOWN,False,False,False,False,[]
"N(0,4)",WALL,164,,11,153,1093,1790848196.051,153.0200002193451,,,WALL,WALL,True,False,False,False,"[{""frame_index"": 1093, ""stamp"": 1790848196.051, ""elapsed_s"": 153.0200002193451, ""from"": ""UNKNOWN"", ""to"": ""WALL"", ""score"": 4}]"
"N(0,5)",OPEN,2,,1,1,1231,1790848215.371,172.3400001525879,,,WALL,WALL,True,True,True,True,"[{""frame_index"": 1231, ""stamp"": 1790848215.371, ""elapsed_s"": 172.3400001525879, ""from"": ""UNKNOWN"", ""to"": ""WALL"", ""score"": 4}]"
"N(1,0)",WALL,308,,20,288,955,1790848176.733,133.7020001411438,,,WALL,WALL,True,False,False,False,"[{""frame_index"": 955, ""stamp"": 1790848176.733, ""elapsed_s"": 133.7020001411438, ""from"": ""UNKNOWN"", ""to"": ""WALL"", ""score"": 4}]"
"N(1,1)",WALL,347,,20,327,35,1790848047.931,4.900000095367432,,,WALL,WALL,True,False,False,False,"[{""frame_index"": 35, ""stamp"": 1790848047.931, ""elapsed_s"": 4.900000095367432, ""from"": ""UNKNOWN"", ""to"": ""WALL"", ""score"": 4}]"
"N(1,2)",OPEN,0,,0,0,,,,,,UNKNOWN,UNKNOWN,False,False,False,False,[]
"N(1,3)",OPEN,0,,0,0,,,,,,UNKNOWN,UNKNOWN,False,False,False,False,[]
"N(1,4)",WALL,283,,14,269,1090,1790848195.632,152.6010000705719,,,WALL,WALL,True,False,False,False,"[{""frame_index"": 1090, ""stamp"": 1790848195.632, ""elapsed_s"": 152.6010000705719, ""from"": ""UNKNOWN"", ""to"": ""WALL"", ""score"": 4}]"
"N(1,5)",WALL,260,,12,248,1036,1790848188.071,145.0400002002716,,,WALL,WALL,True,False,False,False,"[{""frame_index"": 1036, ""stamp"": 1790848188.071, ""elapsed_s"": 145.0400002002716, ""from"": ""UNKNOWN"", ""to"": ""WALL"", ""score"": 2.0}]"
"N(2,0)",WALL,392,,25,367,1,1790848043.171,0.1400001049041748,,,WALL,WALL,True,False,False,False,"[{""frame_index"": 1, ""stamp"": 1790848043.171, ""elapsed_s"": 0.1400001049041748, ""from"": ""UNKNOWN"", ""to"": ""WALL"", ""score"": 4}]"
"N(2,1)",OPEN,0,,0,0,,,,,,UNKNOWN,UNKNOWN,False,False,False,False,[]
"N(2,2)",OPEN,0,,0,0,,,,,,UNKNOWN,UNKNOWN,False,False,False,False,[]
"N(2,3)",WALL,332,,15,317,1,1790848043.171,0.1400001049041748,,,WALL,WALL,True,False,False,False,"[{""frame_index"": 1, ""stamp"": 1790848043.171, ""elapsed_s"": 0.1400001049041748, ""from"": ""UNKNOWN"", ""to"": ""WALL"", ""score"": 2.0}]"
"N(2,4)",OPEN,3,,2,1,1220,1790848213.833,170.80200004577637,,,WALL,WALL,True,True,True,True,"[{""frame_index"": 1220, ""stamp"": 1790848213.833, ""elapsed_s"": 170.80200004577637, ""from"": ""UNKNOWN"", ""to"": ""WALL"", ""score"": 4}]"
"N(2,5)",OPEN,0,,0,0,,,,,,UNKNOWN,UNKNOWN,False,False,False,False,[]
"N(3,0)",OPEN,0,,0,0,,,,,,UNKNOWN,UNKNOWN,False,False,False,False,[]
"N(3,1)",WALL,371,,20,351,1,1790848043.171,0.1400001049041748,,,WALL,WALL,True,False,False,False,"[{""frame_index"": 1, ""stamp"": 1790848043.171, ""elapsed_s"": 0.1400001049041748, ""from"": ""UNKNOWN"", ""to"": ""WALL"", ""score"": 2.0}]"
"N(3,2)",OPEN,0,,0,0,,,,,,UNKNOWN,UNKNOWN,False,False,False,False,[]
"N(3,3)",OPEN,0,,0,0,,,,,,UNKNOWN,UNKNOWN,False,False,False,False,[]
"N(3,4)",WALL,384,,12,372,497,1790848112.611,69.58000016212463,,,WALL,WALL,True,False,False,False,"[{""frame_index"": 497, ""stamp"": 1790848112.611, ""elapsed_s"": 69.58000016212463, ""from"": ""UNKNOWN"", ""to"": ""WALL"", ""score"": 4}]"
"N(3,5)",OPEN,0,,0,0,,,,,,UNKNOWN,UNKNOWN,False,False,False,False,[]
"N(4,0)",OPEN,2,,2,0,908,1790848170.151,127.12000012397766,,,WALL,WALL,True,True,True,True,"[{""frame_index"": 908, ""stamp"": 1790848170.151, ""elapsed_s"": 127.12000012397766, ""from"": ""UNKNOWN"", ""to"": ""WALL"", ""score"": 3.0}]"
"N(4,1)",WALL,432,,21,411,36,1790848048.071,5.0400002002716064,,,WALL,WALL,True,False,False,False,"[{""frame_index"": 36, ""stamp"": 1790848048.071, ""elapsed_s"": 5.0400002002716064, ""from"": ""UNKNOWN"", ""to"": ""WALL"", ""score"": 3.0}]"
"N(4,2)",OPEN,0,,0,0,,,,,,UNKNOWN,UNKNOWN,False,False,False,False,[]
"N(4,3)",OPEN,0,,0,0,,,,,,UNKNOWN,UNKNOWN,False,False,False,False,[]
"N(4,4)",OPEN,1,,1,0,,,,,,UNKNOWN,UNKNOWN,False,False,False,False,[]
"N(4,5)",OPEN,40,,5,35,239,1790848076.491,33.46000003814697,,,WALL,WALL,True,True,True,True,"[{""frame_index"": 239, ""stamp"": 1790848076.491, ""elapsed_s"": 33.46000003814697, ""from"": ""UNKNOWN"", ""to"": ""WALL"", ""score"": 2.0}]"
"N(5,0)",WALL,204,,14,190,55,1790848050.731,7.700000047683716,,,WALL,WALL,True,False,False,False,"[{""frame_index"": 55, ""stamp"": 1790848050.731, ""elapsed_s"": 7.700000047683716, ""from"": ""UNKNOWN"", ""to"": ""WALL"", ""score"": 4}]"
"N(5,1)",OPEN,5,,3,2,66,1790848052.276,9.245000123977661,,,WALL,WALL,True,True,True,True,"[{""frame_index"": 66, ""stamp"": 1790848052.276, ""elapsed_s"": 9.245000123977661, ""from"": ""UNKNOWN"", ""to"": ""WALL"", ""score"": 3.0}]"
"N(5,2)",WALL,215,,14,201,69,1790848052.691,9.660000085830688,,,WALL,WALL,True,False,False,False,"[{""frame_index"": 69, ""stamp"": 1790848052.691, ""elapsed_s"": 9.660000085830688, ""from"": ""UNKNOWN"", ""to"": ""WALL"", ""score"": 3.0}]"
"N(5,3)",OPEN,0,,0,0,,,,,,UNKNOWN,UNKNOWN,False,False,False,False,[]
"N(5,4)",OPEN,0,,0,0,,,,,,UNKNOWN,UNKNOWN,False,False,False,False,[]
"N(5,5)",WALL,216,,5,211,238,1790848076.351,33.32000017166138,,,WALL,WALL,True,False,False,False,"[{""frame_index"": 238, ""stamp"": 1790848076.351, ""elapsed_s"": 33.32000017166138, ""from"": ""UNKNOWN"", ""to"": ""WALL"", ""score"": 2.0}]"
"N(6,0)",OPEN,5,,1,4,132,1790848061.513,18.48200011253357,,,WALL,WALL,True,True,True,True,"[{""frame_index"": 132, ""stamp"": 1790848061.513, ""elapsed_s"": 18.48200011253357, ""from"": ""UNKNOWN"", ""to"": ""WALL"", ""score"": 4}]"
"N(6,1)",OPEN,0,,0,0,,,,,,UNKNOWN,UNKNOWN,False,False,False,False,[]
"N(6,2)",OPEN,0,,0,0,,,,,,UNKNOWN,UNKNOWN,False,False,False,False,[]
"N(6,3)",OPEN,0,,0,0,,,,,,UNKNOWN,UNKNOWN,False,False,False,False,[]
"N(6,4)",OPEN,0,,0,0,,,,,,UNKNOWN,UNKNOWN,False,False,False,False,[]
"N(6,5)",WALL,305,,16,289,81,1790848054.371,11.34000015258789,,,WALL,WALL,True,False,False,False,"[{""frame_index"": 81, ""stamp"": 1790848054.371, ""elapsed_s"": 11.34000015258789, ""from"": ""UNKNOWN"", ""to"": ""WALL"", ""score"": 2.0}]"
