orientation,grid_line_k,tangential_cell_j,support_frames,pre_signed_mad_m,post_signed_mad_m,pre_abs_p50_m,post_abs_p50_m,pre_abs_p90_m,post_abs_p90_m
H,0,0,42,0.007539343270975506,0.0075219959768547985,0.011199653066251019,0.010970838344656685,0.03603785085088416,0.03603785085088416
H,0,1,69,0.019126015182693776,0.018278110494744513,0.02195410880655689,0.020868388659222095,0.04945774435028792,0.049457744350287894
H,0,2,170,0.012730559307561904,0.011374760524185507,0.012507943989553986,0.009349089195861965,0.04588817547354371,0.037392584699261974
H,0,3,4,0.013469150187578431,0.01568762599131402,0.045770454465307975,0.04370386390431788,0.07304332393658317,0.04596997654345791
H,0,4,389,0.02650166167048449,0.028102501799122707,0.04311289710068923,0.04111558150124527,0.09350967950331834,0.09206353711629023
H,0,5,43,0.027073195623392478,0.01581483197876085,0.025866862269792158,0.013592793270674808,0.07219009978911552,0.06956829891578081
H,0,6,228,0.023589447800107938,0.020584863753037558,0.026716035759599282,0.02076408734915385,0.07199710888916463,0.0674509410708111
H,1,0,101,0.010608772168957503,0.005779788048346612,0.00910320719509694,0.005650941285344602,0.032647478054435575,0.026867462053894342
H,1,1,197,0.01558363836675758,0.008866073825089749,0.0157451050402011,0.009229967479790213,0.03494614799545692,0.02738704154331295
H,1,2,253,0.009600825126337476,0.006179603589816063,0.01033845629459218,0.0058758368030545904,0.03914135212565273,0.02726651898817567
H,1,5,208,0.02180820870160366,0.014182938172331516,0.019720959402733107,0.011695879092325168,0.06727728333302435,0.06387694045625947
H,2,1,355,0.011860536286628198,0.007893364505417111,0.011289935538032925,0.008012887543735858,0.04311567611157474,0.0322256289502546
H,2,3,378,0.0171719242450582,0.018460583831125144,0.02542757771488091,0.02308220404700112,0.06031848870239509,0.057545074546159425
H,2,4,437,0.01987782145892547,0.018935942743434797,0.025466245813041466,0.024081155756161765,0.06740159831482506,0.06565079240252247
H,3,0,129,0.011637018500170404,0.006681482149437423,0.011551411607757078,0.0069708162246593375,0.039389048864377996,0.029777837451587796
H,3,4,1,0.0,0.0,0.030731289372559534,0.0637963590802042,0.030731289372559534,0.0637963590802042
H,3,5,219,0.018463970774579064,0.010846815356081452,0.016586938755874137,0.011091355908004363,0.05366743126525941,0.051922936478508985
H,4,2,332,0.010728846808318981,0.006312778329525481,0.010887641533319226,0.006193122995511224,0.034014606110168044,0.02618492025611907
H,5,0,128,0.013460510549155869,0.0067258150529745375,0.013718239316292902,0.006747921406638824,0.04434936690141633,0.03708043400338279
H,5,1,250,0.00924479603951256,0.0036304974301599735,0.008751858785148725,0.003606542416788816,0.03427721448945942,0.032564866513375756
H,5,2,2,0.02872670839528424,0.03081901438557333,0.004289448891127812,0.004289448891127812,0.05316396789944067,0.057348579880018846
H,5,3,387,0.010489371253365132,0.004838517403853437,0.010185661912033295,0.005034941202063159,0.03694696581145518,0.031385454124507106
H,6,1,263,0.013024384164197933,0.004870193667397604,0.01300476797075234,0.004870193667397604,0.04200370560819211,0.03368576319800809
H,6,4,39,0.009812143072217339,0.01024829450271536,0.0685152821942907,0.06845835625953978,0.07242974119513779,0.07242974119513779
H,6,5,209,0.009469573265577846,0.0071756320445963695,0.009623043716447732,0.006598496919831831,0.025511320415061878,0.025511320415061878
H,6,6,193,0.01955084211366076,0.012231483580278812,0.02092314124792516,0.012220979118519715,0.07808179591309372,0.06573896506386667
H,7,0,45,0.011264222416397462,0.0045921348695374675,0.010377377434583224,0.005487740874364544,0.032777718173961023,0.021084838635507364
H,7,1,39,0.015432745231378941,0.007046159502089644,0.0129476022658781,0.00803645799188768,0.033556189288682425,0.021115001609564032
H,7,2,145,0.010279885423121193,0.006993949029614477,0.011642738830067056,0.008523279037867315,0.035513880452603175,0.028274175331029383
H,7,3,80,0.014155745691089905,0.009018553493956416,0.012849923847303213,0.009455605273397172,0.05174379538902629,0.03249917748170139
H,7,4,199,0.019728887009407448,0.018180727235478145,0.026561465231460968,0.02521933824585032,0.07745913805616267,0.07830323881134893
H,7,5,218,0.007980283164202184,0.005925993371597826,0.019921279169329953,0.01986429280882751,0.04014454478746243,0.037132890841769406
H,7,6,6,0.021478041424005,0.01679573370817833,0.03354774441823816,0.03354774441823816,0.0366917965787068,0.03978408491058172
V,0,1,117,0.01889692843787305,0.020933891471758503,0.037299429630804015,0.03808780865464001,0.07929259956320334,0.07620332046625519
V,0,2,49,0.008065653751925778,0.0063019412092711335,0.05847760321462356,0.058876058806945075,0.09124891416164299,0.10559934441172014
V,0,3,91,0.010444779329532028,0.006804668241988401,0.013133753478297372,0.007949984272146798,0.04613046210945823,0.04491517436795676
V,0,4,236,0.0194233108755949,0.012867882802392067,0.019171784987003893,0.01135094311841589,0.07157341224226188,0.06337021801297615
V,0,5,140,0.01570653132390755,0.014464370873383287,0.01929062929483359,0.016657299203595488,0.049703247016785745,0.0497032470167858
V,0,6,79,0.019433930481231446,0.01511491405622628,0.020121746783648142,0.019871042097220834,0.052399010969479465,0.044952459601611816
V,1,2,318,0.015019490826259363,0.012066093114472431,0.016567605998824786,0.012361607848863088,0.05279026562944322,0.050470477680103876
V,1,3,2,0.025828839557349742,0.03573416727972059,0.0043883791715236264,0.02419903461626527,0.04726929994317586,0.04726929994317591
V,1,4,203,0.014219361610009251,0.007460163114424434,0.014230435926583462,0.007942607750244746,0.052108668277797254,0.04174162772980322
V,2,3,355,0.022778650589379668,0.018656209078101393,0.023784391800983462,0.018740702781026353,0.05706379429907227,0.0536103966491801
V,2,4,200,0.017462297751469014,0.01730392922414503,0.017990111410705945,0.01712770696898147,0.04882959094746331,0.049265671616562035
V,2,6,215,0.018983467716186975,0.015818621029800806,0.019638744874262537,0.01696956698415608,0.048678212249864905,0.04249969093664385
V,3,3,201,0.022782824111192035,0.017340826221265537,0.023911000450391295,0.018593257952758346,0.057949257642555985,0.05855130141839826
V,3,5,320,0.011419802955340175,0.009048349412399515,0.011662431912500493,0.009071272712619427,0.04407805826922462,0.04326734226480555
V,3,6,129,0.01113128180123013,0.004344506177047958,0.01145494470655839,0.004344506177047958,0.040307021596831305,0.04393236685869284
V,4,1,394,0.0168718635919356,0.013321240974064175,0.019488273194546046,0.014651965710913206,0.06499357420976692,0.06146316095682658
V,4,2,202,0.016451262070526274,0.011133571362407668,0.01956807190409182,0.013289140074614902,0.04960790052566022,0.045682531618711275
V,4,3,454,0.018215823142234133,0.014756795951195834,0.01942491522981804,0.016414011709027676,0.06161915332983425,0.06161915332983425
V,4,4,340,0.00989630339998282,0.008610435055224741,0.020041205803723372,0.018586915838934015,0.041813089349815424,0.035087525680221
V,4,5,1,0.0,0.0,0.0007833731519302223,0.007097054644210843,0.0007833731519302223,0.007097054644210843
V,4,6,363,0.005424908271407958,0.0037153562468845713,0.006341831971647061,0.004392342834719898,0.0414292366337472,0.03864210031379667
V,5,0,262,0.025346897029564497,0.02054231814477503,0.027842243195201455,0.02290544954236573,0.06620558871738691,0.06119218063413134
V,5,3,135,0.011937943335359025,0.00881951533943437,0.012975938848342361,0.00877595562461786,0.031685920762666075,0.031210826681044246
V,5,4,324,0.00944050718736622,0.005040857124514075,0.009834294527951482,0.005449901049821904,0.05138524827968416,0.050588375457496504
V,5,5,133,0.007442449462803591,0.00532152308946876,0.008891306413409072,0.006410881915867694,0.04003552509526909,0.028614853153545283
V,6,1,1,0.0,0.0,0.06151853326700962,0.027476471035898342,0.06151853326700962,0.027476471035898342
V,6,2,300,0.01464771972309098,0.007734438190574622,0.015565623728178046,0.00843607590653317,0.04432498058177625,0.04015027251596681
V,6,4,78,0.00831012350471183,0.005688646862707758,0.017048038083069095,0.01713180432443462,0.04774699330045351,0.032582058586576146
V,6,5,28,0.0041509142586730885,0.005284960355504964,0.01954900429173101,0.017951087916014963,0.02492268014868726,0.02492268014868726
V,7,0,167,0.01833363666740606,0.010481036673586352,0.01777372997369575,0.010481036673586797,0.06535561193830697,0.06225118535623597
V,7,1,154,0.0155299783566758,0.010246117944125555,0.016307099717922657,0.00965155495413006,0.04893434110086803,0.0447698924438078
V,7,2,141,0.020099254822764756,0.014808342939011787,0.02364307174809399,0.016693152160674796,0.058776046100098345,0.05081040541531445
V,7,3,62,0.016904648656330235,0.018259809783359504,0.022631309729042037,0.021700104352936567,0.04950407056962236,0.044585416123938515
V,7,4,60,0.00991898670138025,0.013543785372990724,0.018379355585254498,0.0175740164427185,0.048740430236852816,0.054219892991107965
V,7,5,31,0.014822759525009666,0.009379936390431443,0.01521738747924184,0.009379936390431887,0.05138899708027411,0.026957245127970708
V,7,6,220,0.007623262625414018,0.006882623829378431,0.010855435651329959,0.008126850084180681,0.03659251802360908,0.029358682647054213
