edge_id,truth,frame_index,elapsed_s,stamp,segment_index,support_points,span_m,pose_x,pose_y,pose_yaw,line_residuals_m
"('B', (0, 0), 'W')",OPEN,967,135.38000011444092,1790848178.411,4,14,0.32743258361793975,1.428874371997293,0.47519529731484117,1.663732291367072,-0.0012792750125747805
"('B', (0, 0), 'W')",OPEN,968,135.52400016784668,1790848178.555,4,14,0.3270646560163208,1.427330831592314,0.47505142483055757,1.663732291367072,-0.0028228154175538775
"('B', (3, 0), 'S')",OPEN,31,4.340000152587891,1790848047.371,4,21,0.3772877805848453,1.3457524694425058,0.1501773888883453,1.4950995761326558,-0.07252793041318906
"('B', (3, 0), 'S')",OPEN,32,4.482000112533569,1790848047.513,2,29,0.3815437761399047,1.3839847605506237,0.15779816581395947,1.5012677442020705,-0.07034319513035406
"('B', (3, 0), 'S')",OPEN,40,5.6000001430511475,1790848048.631,0,71,0.436504490561998,1.5885990688987326,0.2079803799033992,1.5591631225452156,-0.06990280099982082
"('B', (3, 0), 'S')",OPEN,41,5.740000009536743,1790848048.771,0,69,0.42846854416240054,1.5928612684424854,0.2082574291602988,1.5597347482608814,-0.06979591637967823
"('B', (3, 0), 'S')",OPEN,45,6.300000190734863,1790848049.331,1,64,0.4004990878489005,1.6887842641996016,0.23264903342749094,1.582730246997992,-0.09226031781505686
"('B', (3, 0), 'S')",OPEN,53,7.420000076293945,1790848050.451,1,44,0.33345978833062734,1.7500414095533463,0.3730325616020638,1.5673142923578767,-0.04963212655780402
"('B', (3, 0), 'S')",OPEN,949,132.8600001335144,1790848175.891,0,59,0.42103348479081826,1.5748741873922285,0.18944708669567736,1.6408347154138363,-0.06554763664295724
"('B', (3, 0), 'S')",OPEN,950,133.00200009346008,1790848176.033,0,59,0.4162462588879994,1.5288197390078921,0.18668097896445393,1.6418271249465284,-0.06120084123356209
"('B', (3, 0), 'S')",OPEN,960,134.40000009536743,1790848177.431,0,38,0.42101383245673657,1.3768502474611888,0.31559352278193675,1.5477624606518625,-0.0276760980037567
"('B', (3, 0), 'S')",OPEN,962,134.6800000667572,1790848177.711,3,26,0.28480858568054596,1.3776977744108174,0.32122634471771977,1.4917687298094824,-0.08585603845774473
"('B', (3, 0), 'S')",OPEN,963,134.82000017166138,1790848177.851,3,35,0.4207628092262082,1.3813224482397615,0.36738742541501695,1.4970049397285377,-0.09277768938819958
"((0, 1), 'N')",OPEN,1412,197.6800000667572,1790848240.711,0,80,0.43703655058493174,0.6042404313938831,1.0572431917958536,1.4174718809028566,0.024880404640109988
"((0, 1), 'N')",OPEN,1413,197.82000017166138,1790848240.851,0,76,0.42342429866347076,0.6042404313938831,1.0572431917958536,1.4174718809028566,0.02232660985527901
"((0, 1), 'N')",OPEN,1414,197.96000003814697,1790848240.991,0,78,0.43507357736607666,0.6074809498028182,1.0572431917958536,1.4261985271628281,0.02083794697148711
"((0, 1), 'N')",OPEN,1415,198.10000014305115,1790848241.131,0,79,0.4369153668390627,0.6074809498028182,1.0572431917958536,1.4261985271628281,0.022870985540413002
"((0, 1), 'N')",OPEN,1417,198.38000011444092,1790848241.411,0,80,0.438617190054176,0.6062099798245084,1.0642541928254814,1.4235146577363131,0.03332702273612198
"((0, 1), 'N')",OPEN,1651,231.14000010490417,1790848274.171,1,80,0.4777315861369688,0.6886199239501769,0.6201288420117848,1.6243130128592973,-0.00010101214527102886
"((0, 3), 'E')",OPEN,1379,193.06000018119812,1790848236.091,3,41,0.4294420778386032,0.9575027881764401,1.1532371327195983,1.6290732419650102,-0.01997044642392265
"((0, 3), 'E')",OPEN,1380,193.20600008964539,1790848236.237,3,41,0.4213287559405098,0.9726200916705785,1.1187544935478106,1.6381662207308971,-0.01137157804158051
"((0, 3), 'E')",OPEN,1506,210.8490002155304,1790848253.88,1,63,0.47168227750502223,0.20547143503098955,1.49870376177532,1.4550370478665093,0.028215639651582247
"((0, 3), 'E')",OPEN,1551,217.1450002193451,1790848260.176,0,74,0.43965056981153616,0.6469098240901346,1.1654282021713225,1.601875258074774,-0.00959325673242939
"((0, 5), 'N')",OPEN,1227,171.79800009727478,1790848214.829,1,88,0.47979494494571273,0.4623623804926017,2.181712867716626,1.629822590638388,-0.0363134161693619
"((0, 5), 'N')",OPEN,1231,172.3400001525879,1790848215.371,0,78,0.4138141523864574,0.5456345265770619,2.147637775838249,1.594966597198017,-0.006443600797628513
"((2, 4), 'N')",OPEN,1062,148.6800000667572,1790848191.711,1,76,0.4459765158841808,1.117563165902846,1.8422034384134365,1.5848238358973556,0.0054645361889420485
"((2, 4), 'N')",OPEN,1220,170.80200004577637,1790848213.833,0,101,0.7223906900763813,0.4323391467964761,2.179353168064851,1.650819051078941,-0.01764271678611795
"((2, 4), 'N')",OPEN,1223,171.22000002861023,1790848214.251,0,105,0.8747303581966648,0.46169164675482827,2.1819263456449707,1.6808737648313812,-0.0055138931908378375
"((3, 0), 'E')",OPEN,962,134.6800000667572,1790848177.711,0,63,0.4644884319315302,1.3776977744108174,0.32122634471771977,1.4917687298094824,0.016248739722958483
"((3, 0), 'E')",OPEN,967,135.38000011444092,1790848178.411,0,80,0.47479345365291076,1.428874371997293,0.47519529731484117,1.663732291367072,0.0680702969837852
"((3, 0), 'E')",OPEN,968,135.52400016784668,1790848178.555,1,80,0.4411045565642022,1.427330831592314,0.47505142483055757,1.663732291367072,0.06447352212668145
"((3, 0), 'E')",OPEN,969,135.6600000858307,1790848178.691,1,79,0.4533306318751914,1.410130302949383,0.4767259478454436,1.66959513500159,0.05206407831298754
"((3, 5), 'E')",OPEN,819,114.66000008583069,1790848157.691,4,32,0.415775091324441,1.8078635456155465,2.1262556224181735,1.6153611897968694,-0.011757949696268977
"((3, 5), 'E')",OPEN,826,115.64000010490417,1790848158.671,4,27,0.41522122667171024,1.8217573374518423,2.058097580783476,1.6387839974820697,-0.0019728974839008373
"((3, 5), 'E')",OPEN,853,119.42000007629395,1790848162.451,4,20,0.41051601608049043,1.8187406348888837,1.9786934631626694,1.6501491471558833,0.0032073663087657245
"((3, 5), 'E')",OPEN,854,119.56000018119812,1790848162.591,4,20,0.4105208513351255,1.819776585384251,1.937314662985089,1.6414225008959118,-0.0007633341839325958
"((3, 5), 'E')",OPEN,857,119.98000001907349,1790848163.011,5,15,0.40273332957948327,1.8206707944722562,1.848440739808995,1.6153364222957758,0.004288621016867555
"((4, 0), 'N')",OPEN,73,10.22000002861023,1790848053.251,0,81,0.4712952714587537,2.1101892191763962,0.6171735054245171,1.5872530130662768,-0.05847699263669648
"((4, 0), 'N')",OPEN,908,127.12000012397766,1790848170.151,3,35,0.4184429429137609,2.115905996338138,1.0150880981600734,1.5234266498541271,-0.036187878174227917
"((4, 2), 'E')",OPEN,236,33.04100012779236,1790848076.072,0,112,1.2395264614687942,2.3680782056900447,1.4620355358364627,1.513292174128961,0.07669621299147789
"((4, 2), 'E')",OPEN,269,37.66000008583069,1790848080.691,0,113,0.7557369856778338,2.20701253296231,1.5958663563534978,1.8172580989038978,0.08740729325152419
"((4, 2), 'E')",OPEN,270,37.80000019073486,1790848080.831,0,124,1.1230098981806196,2.206981720876927,1.5959900356904404,1.8180214907489682,0.08771462352554771
"((4, 2), 'E')",OPEN,281,39.34000015258789,1790848082.371,0,123,1.1352852414385775,2.206981720876927,1.5959900356904428,1.8180214907489682,0.08586581842091023
"((4, 2), 'E')",OPEN,334,46.75999999046326,1790848089.791,0,106,1.2336635596617864,2.4030281083765925,1.472043602786201,1.9418277514262792,0.09985341480169163
"((4, 2), 'E')",OPEN,335,46.90000009536743,1790848089.931,0,105,1.232443970068274,2.4030281083765925,1.4720436027862012,1.9418277514262792,0.1002590855231622
"((4, 2), 'E')",OPEN,336,47.045000076293945,1790848090.076,0,105,1.161122663050486,2.4030281083765925,1.4720436027862014,1.9418277514262792,0.09951863589921439
"((4, 2), 'E')",OPEN,339,47.46000003814697,1790848090.491,0,103,1.147159703754983,2.4030281083765925,1.472043602786202,1.9418277514262792,0.10033732587385824
"((4, 2), 'E')",OPEN,343,48.02000021934509,1790848091.051,0,103,1.153565843683184,2.4030281083765925,1.472043602786203,1.9418277514262792,0.10057456218138494
"((4, 2), 'E')",OPEN,345,48.3050000667572,1790848091.336,0,104,1.1523004720961327,2.4030281083765925,1.4720436027862034,1.9418277514262792,0.10176141030457941
"((4, 2), 'E')",OPEN,346,48.44000005722046,1790848091.471,0,105,1.1566157934855115,2.4030281083765925,1.4720436027862036,1.9418277514262792,0.10066250764609297
"((4, 2), 'E')",OPEN,874,122.3600001335144,1790848165.391,1,110,0.8595744448148909,1.8165365484322213,1.2895421774108335,1.5296079917420915,-0.01875215105315098
"((4, 2), 'E')",OPEN,875,122.5,1790848165.531,1,102,0.6710778242092011,1.8221429866026146,1.2430157352507962,1.539821694415795,-0.012268391182395533
"((4, 2), 'E')",OPEN,876,122.65200018882751,1790848165.683,1,97,0.5940605220133709,1.821217217074253,1.1922103083924929,1.5415029714455792,-0.007651019615043442
"((4, 2), 'E')",OPEN,877,122.78000020980835,1790848165.811,1,86,0.5515325591149187,1.8195640088435623,1.149062429775058,1.5595775911887624,-0.0060031631325847545
"((4, 2), 'E')",OPEN,878,122.92200016975403,1790848165.953,1,71,0.488775103991329,1.8159982344303434,1.0995043542111254,1.5559656193324871,-0.00968977145205141
"((4, 4), 'N')",OPEN,1034,144.75999999046326,1790848187.791,3,35,0.4296210717375366,1.3940171997337076,1.3888873977348943,1.3936049617794766,0.0036020529766531695
"((4, 5), 'N')",OPEN,238,33.32000017166138,1790848076.351,3,20,0.4284987815017664,2.3423415338139124,1.4063125146036886,1.5247735277802685,-0.05557924174272788
"((4, 5), 'N')",OPEN,239,33.46000003814697,1790848076.491,4,17,0.29269765498199674,2.340583996280211,1.4080286119954666,1.5312317846513768,-0.03997064428821506
"((4, 5), 'N')",OPEN,244,34.16100001335144,1790848077.192,3,34,0.5880751375454137,2.3355507229109724,1.432686844696399,1.6622597086846975,-0.051526766725031425
"((4, 5), 'N')",OPEN,251,35.140000104904175,1790848078.171,4,20,0.3225670593965644,2.294381387046751,1.4488729513370624,1.6764701272473463,-0.06485954601670585
"((4, 5), 'N')",OPEN,257,35.98100018501282,1790848079.012,4,19,0.35167672040079967,2.260575120748693,1.449244860904038,1.774661022354622,-0.06282486341222437
"((4, 5), 'N')",OPEN,278,38.920000076293945,1790848081.951,4,22,0.334398176125049,2.206981720876927,1.5959900356904422,1.8180214907489682,-0.07247669762588105
"((4, 5), 'N')",OPEN,299,41.860000133514404,1790848084.891,2,42,0.3123934621098366,2.058222267386776,2.0467048481819705,1.8897952281029649,-0.019905920836782443
"((4, 5), 'N')",OPEN,300,42.00600004196167,1790848085.037,2,46,0.35459414767567976,2.057231554819645,2.0500134114400854,1.890986114196799,-0.014701539492819826
"((4, 5), 'N')",OPEN,327,45.78500008583069,1790848088.816,6,9,0.17992362903834977,2.391380943120367,1.4537737835363447,1.9402721332308273,-0.07242974119513779
"((4, 5), 'N')",OPEN,329,46.06000018119812,1790848089.091,9,10,0.16173044955603613,2.395624026550616,1.469103908544417,1.9474768220864842,-0.07832742526650804
"((4, 5), 'N')",OPEN,330,46.200000047683716,1790848089.231,6,9,0.14417445965612477,2.395624026550616,1.469103908544417,1.9474768220864842,-0.07528110800127541
"((4, 5), 'N')",OPEN,331,46.34000015258789,1790848089.371,6,10,0.16199906859227114,2.397278554488317,1.4696932850943563,1.9463894845277572,-0.07870665076225514
"((4, 5), 'N')",OPEN,332,46.480000019073486,1790848089.511,5,10,0.1634307200244605,2.4027544559860505,1.4718682329873856,1.9422094462566593,-0.07228068237685648
"((4, 5), 'N')",OPEN,333,46.62000012397766,1790848089.651,6,9,0.14599209468088586,2.4030281083765925,1.4720436027862007,1.9418277514262792,-0.06920658148746206
"((4, 5), 'N')",OPEN,334,46.75999999046326,1790848089.791,6,10,0.16226743548203004,2.4030281083765925,1.472043602786201,1.9418277514262792,-0.07195677728880678
"((4, 5), 'N')",OPEN,335,46.90000009536743,1790848089.931,6,9,0.14488490290857398,2.4030281083765925,1.4720436027862012,1.9418277514262792,-0.06906608911587675
"((4, 5), 'N')",OPEN,336,47.045000076293945,1790848090.076,6,9,0.14392548252395154,2.4030281083765925,1.4720436027862014,1.9418277514262792,-0.0696173008964367
"((4, 5), 'N')",OPEN,337,47.1800000667572,1790848090.211,6,10,0.16327703717466788,2.4030281083765925,1.4720436027862016,1.9418277514262792,-0.07173984782468779
"((4, 5), 'N')",OPEN,338,47.32200002670288,1790848090.353,6,9,0.1450677134635741,2.4030281083765925,1.4720436027862018,1.9418277514262792,-0.06978449375562157
"((4, 5), 'N')",OPEN,339,47.46000003814697,1790848090.491,6,10,0.16287430639446662,2.4030281083765925,1.472043602786202,1.9418277514262792,-0.07085527986371076
"((4, 5), 'N')",OPEN,340,47.60000014305115,1790848090.631,5,10,0.16183951890734624,2.4030281083765925,1.4720436027862023,1.9418277514262792,-0.07247043553983357
"((4, 5), 'N')",OPEN,341,47.74000000953674,1790848090.771,5,9,0.14470339520632186,2.4030281083765925,1.4720436027862025,1.9418277514262792,-0.06856964630814932
"((4, 5), 'N')",OPEN,342,47.88000011444092,1790848090.911,5,10,0.16320616552806994,2.4030281083765925,1.4720436027862027,1.9418277514262792,-0.0713713976862298
"((4, 5), 'N')",OPEN,343,48.02000021934509,1790848091.051,5,9,0.144366005193588,2.4030281083765925,1.472043602786203,1.9418277514262792,-0.0685152821942907
"((4, 5), 'N')",OPEN,344,48.16000008583069,1790848091.191,6,9,0.14430290470233237,2.4030281083765925,1.4720436027862032,1.9418277514262792,-0.06944373776913038
"((4, 5), 'N')",OPEN,345,48.3050000667572,1790848091.336,6,9,0.144698354590531,2.4030281083765925,1.4720436027862034,1.9418277514262792,-0.06845835625953978
"((4, 5), 'N')",OPEN,346,48.44000005722046,1790848091.471,5,9,0.14479205219155897,2.4030281083765925,1.4720436027862036,1.9418277514262792,-0.06869374473399947
"((4, 5), 'N')",OPEN,347,48.580000162124634,1790848091.611,5,9,0.14503067522326404,2.4030281083765925,1.4720436027862038,1.9418277514262792,-0.07010556102523591
"((4, 5), 'N')",OPEN,348,48.72200012207031,1790848091.753,6,9,0.14421759819632718,2.4030281083765925,1.5109781870559038,1.898194520126421,-0.010105491542000689
"((4, 5), 'N')",OPEN,349,48.860000133514404,1790848091.891,6,9,0.1442175981963274,2.4030281083765925,1.510978187055904,1.898194520126421,-0.010105491542000244
"((4, 5), 'N')",OPEN,350,49.0,1790848092.031,4,10,0.1618945784767339,2.4030281083765925,1.5109781870559043,1.898194520126421,-0.01424270507508485
"((4, 5), 'N')",OPEN,351,49.140000104904175,1790848092.171,6,9,0.14566527285961503,2.4030281083765925,1.5109781870559045,1.898194520126421,-0.009188353203357646
"((4, 5), 'N')",OPEN,352,49.28000020980835,1790848092.311,6,9,0.1455883565515707,2.4030281083765925,1.5109781870559047,1.898194520126421,-0.008981035213022182
"((4, 5), 'N')",OPEN,353,49.420000076293945,1790848092.451,6,9,0.14515788095117851,2.4030281083765925,1.510978187055905,1.898194520126421,-0.009147268915648432
"((4, 5), 'N')",OPEN,354,49.56500005722046,1790848092.596,7,9,0.14477618049623658,2.4030281083765925,1.5109781870559051,1.898194520126421,-0.01019992465084485
"((4, 5), 'N')",OPEN,355,49.700000047683716,1790848092.731,6,9,0.14477618049623658,2.4030281083765925,1.5109781870559054,1.898194520126421,-0.01019992465084485
"((4, 5), 'N')",OPEN,356,49.84500002861023,1790848092.876,5,10,0.16189298272893496,2.4030281083765925,1.5109781870559056,1.898194520126421,-0.013125283131638188
"((4, 5), 'N')",OPEN,357,49.980000019073486,1790848093.011,5,10,0.16257154120362693,2.4030281083765925,1.5109781870559058,1.898194520126421,-0.013436529182264678
"((4, 5), 'N')",OPEN,358,50.12000012397766,1790848093.151,5,9,0.14483927962274154,2.4030281083765925,1.510978187055906,1.898194520126421,-0.00983394263666737
"((4, 5), 'N')",OPEN,675,94.5,1790848137.531,1,85,0.811410597783407,2.1204795598858044,2.5919872240934474,1.6095760202655538,0.034069568935373606
"((4, 6), 'E')",OPEN,496,69.44000005722046,1790848112.471,0,124,1.1105638452932451,1.8080035108570065,2.211340762311515,1.5321223575902088,0.022578216081014624
"((5, 1), 'N')",OPEN,38,5.320000171661377,1790848048.351,2,31,0.3758092429840629,1.6150308426851543,0.1700359264043031,1.518240271824623,-0.03595369728617204
"((5, 1), 'N')",OPEN,66,9.245000123977661,1790848052.276,0,90,0.44104604751714427,1.902225682848604,0.63216307373688,1.5509615104132513,0.07550783723675814
"((5, 1), 'N')",OPEN,452,63.28000020980835,1790848106.311,1,63,0.39025934499248566,1.9669952009560587,0.9756624679592443,1.6805437350881394,0.007400049382357721
"((5, 1), 'N')",OPEN,453,63.426000118255615,1790848106.457,1,66,0.3888003604702493,1.9658658638777806,0.977338678272206,1.6841444266985248,0.009398479976426843
"((5, 1), 'N')",OPEN,932,130.48200011253357,1790848173.513,1,75,0.4612212494480779,1.8463107833162757,0.6062285310603014,1.6292597455618936,0.050301900620872475
"((5, 3), 'E')",OPEN,153,21.420000076293945,1790848064.451,1,63,0.47192873223939713,2.620338807578305,0.8692976025658419,1.5404674451388833,-0.009026119536276411
"((5, 3), 'E')",OPEN,422,59.080000162124634,1790848102.111,0,72,0.46886302594983115,2.2097903729792083,0.8441406382696675,1.5836622885084939,-0.02111686823588954
"((6, 0), 'N')",OPEN,131,18.34000015258789,1790848061.371,1,94,0.4927968537429142,2.340351155269716,0.21957498981793883,1.5885410742662327,0.004185217004097352
"((6, 0), 'N')",OPEN,132,18.48200011253357,1790848061.513,1,91,0.5038843743970851,2.3848772507759537,0.2203634006230253,1.5886632408992623,0.004063027210350234
"((6, 0), 'N')",OPEN,133,18.62000012397766,1790848061.651,1,82,0.457828719796275,2.429769246257432,0.2204635025119723,1.5922511526542367,0.004078400171306673
"((6, 0), 'N')",OPEN,134,18.759999990463257,1790848061.791,2,60,0.46233242741936176,2.47552603560331,0.22090863898383023,1.5955031665591566,-0.0005833023887542033
"((6, 0), 'N')",OPEN,135,18.90000009536743,1790848061.931,2,55,0.45535004809392043,2.5215963100932477,0.22310187764897657,1.600185489986396,-0.00509963711825967
