edge_id,truth,frames,elapsed_start_s,elapsed_end_s,max_consecutive_frames,independent_viewpoints,range_median,roi_points_5cm_median,roi_span_5cm_median_m,cluster_span_5cm_median_m,normal_mad_median_m,normal_residual_median_m,robot_local_forward_median_m,robot_local_lateral_median_m,max_abs_yaw_rate_rad_s,verified_side_mask_frames,verified_side_mask_any
"E(0,3)",OPEN,4,193.06000018119812,217.1450002193451,2,3,0.40220630613328734,15.0,0.09915538676830771,0.08870867013824146,0.0021387281350415954,-0.01048241738700495,0.2612036749259434,0.40560530517507076,0.06228071553326575,3,True
"E(3,0)",OPEN,4,134.6800000667572,135.6600000858307,3,1,0.18126943272915153,7.5,0.05603656829189582,0.05603656829189582,0.010138660170509683,0.05826880021983449,-0.296038728052224,-0.2130415829517064,0.04603646036370731,0,False
"E(3,5)",OPEN,5,114.66000008583069,119.98000001907349,2,2,0.21977658538425082,9,0.09990495230047625,0.09990495230047625,0.0014139549237850435,-0.0007633341839325958,0.23769536210978692,0.20145307463822174,0.11407192332294394,5,True
"E(4,2)",OPEN,14,33.04100012779236,122.92200016975403,5,4,0.3855531570333186,0.0,0.0,0.0,0.0025739073488042497,0.09269222716006231,-0.33007227626539193,0.3581323991262713,0.038942574501388716,0,False
"E(5,3)",OPEN,2,21.420000076293945,59.080000162124634,1,2,0.2052742172995483,8.5,0.10405732385522026,0.10405732385522026,0.020554804017225536,-0.015071493886082976,0.5385704473974033,0.0345611782938187,0.02438448898617435,2,True
"N(0,1)",OPEN,6,197.6800000667572,231.14000010490417,4,2,0.25724319179585353,15.5,0.11079144628841911,0.11079144628841911,0.012328774172566781,0.022598797697846007,-0.29100815160838966,0.36854373493009673,0.012723137058714834,1,True
"N(0,5)",OPEN,2,171.79800009727478,172.3400001525879,1,1,0.23532467822256264,17.5,0.10824079542277887,0.10824079542277887,0.0026418387496045526,-0.021378508483495207,0.2256670706287842,0.2953803514041441,0.46204071764603966,2,True
"N(2,4)",OPEN,3,148.6800000667572,171.22000002861023,1,2,0.1793531680648508,8,0.11141083233236815,0.10944389517873798,0.0017530351937682376,-0.0055138931908378375,-0.24174277813779188,-0.5144589943738537,0.035443156330589226,0,False
"N(4,0)",OPEN,2,10.22000002861023,127.12000012397766,1,2,0.4161308017922952,7.5,0.20087487474670995,0.05060394160519355,0.004385376991742851,-0.0473324354054622,-0.4680064520163165,0.29969787188138075,0.04296800014503516,0,False
"N(4,5)",OPEN,40,33.32000017166138,94.5,30,5,0.9279563972137975,0.5,0.0,0.0,0.01109188119028226,-0.06848681922691524,1.018498576099986,0.25148327189038844,0.05824366606658466,8,True
"N(5,1)",OPEN,5,5.320000171661377,130.48200011253357,2,3,0.17733867827220595,7,0.09109737633792303,0.09109737633792303,0.002451140555091047,0.009398479976426843,0.2229902670642118,-0.2928893616735371,0.04976187828121674,3,True
"N(6,0)",OPEN,5,18.34000015258789,18.90000009536743,5,1,0.17953649748802772,29,0.11841409249016355,0.11841409249016355,0.0021585535556502555,0.004063027210350234,0.17982693127185448,-0.17413069925992236,0.033445142276461205,4,True
