received_monotonic_s,record_type,source_stamp_s,frame_id,child_frame_id,reason,pose_x_m,pose_y_m,pose_yaw_rad,world_vx_mps,world_vy_mps,odom_wz_radps,imu_frame_id,imu_wz_radps,imu_ax_mps2,imu_ay_mps2,cmd_vx_mps,cmd_vy_mps,cmd_wz_radps,command_integral_m,odom_forward_path_m,odom_displacement_m,odom_lateral_path_m,warning,ros_now_s,odom_stamp_age_s,imu_stamp_age_s,ref_x_m,ref_y_m,ref_yaw_rad,pos_err_m,yaw_err_rad,settled
1029.304935,imu_data_raw,1790840699.077,,,,,,,,,,imu_frame,0.0023635555990040302,-0.08319851011037827,0.046088382601737976,,,,,,,,,,,,,,,,,
1029.337039,odom_raw,1790840699.107,odom,base_footprint,,0.06304778903722763,0.0012706058332696557,0.009725563163475528,0.0,0.0,0.0,,,,,,,,,,,,,,,,,,,,,
1029.341812,imu_data_raw,1790840699.115,,,,,,,,,,imu_frame,-0.0018975023413076997,-0.06883329898118973,-0.07841010391712189,,,,,,,,,,,,,,,,,
1029.365408,imu_data_raw,1790840699.138,,,,,,,,,,imu_frame,-0.00296276668086648,0.08918401598930359,-0.0736217051744461,,,,,,,,,,,,,,,,,
1029.406187,odom_raw,1790840699.176,odom,base_footprint,,0.06304778903722763,0.0012706058332696557,0.009725563163475528,0.0,0.0,0.0,,,,,,,,,,,,,,,,,,,,,
1029.412787,imu_data_raw,1790840699.186,,,,,,,,,,imu_frame,-0.00935435388237238,0.012569558806717396,0.03172317147254944,,,,,,,,,,,,,,,,,
1029.445694,imu_data_raw,1790840699.218,,,,,,,,,,imu_frame,0.0023635555990040302,0.050876785069704056,-0.05925649031996727,,,,,,,,,,,,,,,,,
1029.485770,imu_data_raw,1790840699.258,,,,,,,,,,imu_frame,-0.005093295592814684,0.012569558806717396,-0.0736217051744461,,,,,,,,,,,,,,,,,
1029.495840,odom_raw,1790840699.266,odom,base_footprint,,0.06304778903722763,0.0012706058332696557,0.009725563163475528,0.0,0.0,0.0,,,,,,,,,,,,,,,,,,,,,
1029.525280,imu_data_raw,1790840699.298,,,,,,,,,,imu_frame,-0.0018975023413076997,-0.10235211998224258,0.012569558806717396,,,,,,,,,,,,,,,,,
1029.586969,odom_raw,1790840699.357,odom,base_footprint,,0.06304778903722763,0.0012706058332696557,0.009725563163475528,0.0,0.0,0.0,,,,,,,,,,,,,,,,,,,,,
1029.591516,imu_data_raw,1790840699.365,,,,,,,,,,imu_frame,0.0012982910266146064,-0.10235211998224258,-0.04489128291606903,,,,,,,,,,,,,,,,,
1029.622947,imu_data_raw,1790840699.396,,,,,,,,,,imu_frame,-0.0008322378853335977,-0.030526071786880493,-0.05446808785200119,,,,,,,,,,,,,,,,,
1029.645701,imu_data_raw,1790840699.418,,,,,,,,,,imu_frame,-0.010419618338346481,-0.030526071786880493,-0.025737667456269264,,,,,,,,,,,,,,,,,
1029.676207,odom_raw,1790840699.446,odom,base_footprint,,0.06304778903722763,0.0012706058332696557,0.009725563163475528,0.0,0.0,0.0,,,,,,,,,,,,,,,,,,,,,
1029.685587,imu_data_raw,1790840699.458,,,,,,,,,,imu_frame,-0.012550147250294685,-0.05446808785200119,-0.06883329898118973,,,,,,,,,,,,,,,,,
1029.748788,imu_data_raw,1790840699.522,,,,,,,,,,imu_frame,0.0034288200549781322,-0.025737667456269264,-0.016160860657691956,,,,,,,,,,,,,,,,,
1029.765744,odom_raw,1790840699.536,odom,base_footprint,,0.06304778903722763,0.0012706058332696557,0.009725563163475528,0.0,0.0,0.0,,,,,,,,,,,,,,,,,,,,,
1029.772918,imu_data_raw,1790840699.546,,,,,,,,,,imu_frame,-0.005093295592814684,-0.011372458189725876,-0.06404489278793335,,,,,,,,,,,,,,,,,
1029.805380,imu_data_raw,1790840699.578,,,,,,,,,,imu_frame,-0.004028031136840582,0.002992752008140087,-0.10235211998224258,,,,,,,,,,,,,,,,,
1029.867067,odom_raw,1790840699.637,odom,base_footprint,,0.06304778903722763,0.0012706058332696557,0.009725563163475528,0.0,0.0,0.0,,,,,,,,,,,,,,,,,,,,,
1029.871489,imu_data_raw,1790840699.645,,,,,,,,,,imu_frame,0.0034288200549781322,-0.016160860657691956,0.02693476900458336,,,,,,,,,,,,,,,,,
1029.902580,imu_data_raw,1790840699.676,,,,,,,,,,imu_frame,0.008755141869187355,0.10833762586116791,0.02693476900458336,,,,,,,,,,,,,,,,,
1029.925186,imu_data_raw,1790840699.698,,,,,,,,,,imu_frame,-0.0008322378853335977,0.0077811554074287415,0.06524199992418289,,,,,,,,,,,,,,,,,
1029.945937,odom_raw,1790840699.716,odom,base_footprint,,0.06304778903722763,0.0012706058332696557,0.009725563163475528,0.0,0.0,0.0,,,,,,,,,,,,,,,,,,,,,
1029.965312,imu_data_raw,1790840699.738,,,,,,,,,,imu_frame,0.006624613422900438,0.02214636653661728,-0.05925649031996727,,,,,,,,,,,,,,,,,
1030.028984,imu_data_raw,1790840699.802,,,,,,,,,,imu_frame,0.0034288200549781322,-0.04010287672281265,-0.07841010391712189,,,,,,,,,,,,,,,,,
1030.038422,odom_raw,1790840699.809,odom,base_footprint,,0.06304778903722763,0.0012706058332696557,0.009725563163475528,0.0,0.0,0.0,,,,,,,,,,,,,,,,,,,,,
1030.048636,imu_data_raw,1790840699.822,,,,,,,,,,imu_frame,0.00768987787887454,-0.030526071786880493,-0.0065840547904372215,,,,,,,,,,,,,,,,,
1030.085289,imu_data_raw,1790840699.858,,,,,,,,,,imu_frame,0.004494084510952234,0.01735796220600605,-0.06404489278793335,,,,,,,,,,,,,,,,,
1030.145736,odom_raw,1790840699.916,odom,base_footprint,,0.06304778903722763,0.0012706058332696557,0.009725563163475528,0.0,0.0,0.0,,,,,,,,,,,,,,,,,,,,,
1030.150507,imu_data_raw,1790840699.924,,,,,,,,,,imu_frame,-0.0008322378853335977,-0.016160860657691956,-0.03531447425484657,,,,,,,,,,,,,,,,,
1030.180880,imu_data_raw,1790840699.954,,,,,,,,,,imu_frame,-0.0008322378853335977,-0.011372458189725876,-0.03531447425484657,,,,,,,,,,,,,,,,,
1030.205167,imu_data_raw,1790840699.978,,,,,,,,,,imu_frame,-0.007223824504762888,0.10354922711849213,0.07003039866685867,,,,,,,,,,,,,,,,,
1030.215458,odom_raw,1790840699.986,odom,base_footprint,,0.06304778903722763,0.0012706058332696557,0.009725563163475528,0.0,0.0,0.0,,,,,,,,,,,,,,,,,,,,,
1030.244987,imu_data_raw,1790840700.018,,,,,,,,,,imu_frame,0.00023302659974433482,0.0077811554074287415,-0.011372458189725876,,,,,,,,,,,,,,,,,
1030.313350,odom_raw,1790840700.084,odom,base_footprint,,0.06304778903722763,0.0012706058332696557,0.009725563163475528,0.0,0.0,0.0,,,,,,,,,,,,,,,,,,,,,
1030.318143,imu_data_raw,1790840700.092,,,,,,,,,,imu_frame,0.004494084510952234,0.02693476900458336,-0.10235211998224258,,,,,,,,,,,,,,,,,
1030.325305,imu_data_raw,1790840700.099,,,,,,,,,,imu_frame,0.004494084510952234,0.02693476900458336,-0.10235211998224258,,,,,,,,,,,,,,,,,
1030.365168,imu_data_raw,1790840700.138,,,,,,,,,,imu_frame,0.004494084510952234,-0.04967968538403511,0.041299980133771896,,,,,,,,,,,,,,,,,
1030.366335,ground_gate_failure,1790840700.084,odom,base_footprint,odometry source stamp is in the future,,,,,,,,,,,,,,,,,,imu_source_stamp_future,1790840699.9737465,-0.11025357246398926,-0.16425347328186035,,,,,,
1030.366867,cmd_vel_sent,,,,,,,,,,,,,,,0.0,0.0,0.0,,,,,,,,,,,,,,
1030.387566,cmd_vel_sent,,,,,,,,,,,,,,,0.0,0.0,0.0,,,,,,,,,,,,,,
1030.408372,cmd_vel_sent,,,,,,,,,,,,,,,0.0,0.0,0.0,,,,,,,,,,,,,,
1030.429097,cmd_vel_sent,,,,,,,,,,,,,,,0.0,0.0,0.0,,,,,,,,,,,,,,
1030.449709,cmd_vel_sent,,,,,,,,,,,,,,,0.0,0.0,0.0,,,,,,,,,,,,,,
1030.470350,cmd_vel_sent,,,,,,,,,,,,,,,0.0,0.0,0.0,,,,,,,,,,,,,,
1030.491028,cmd_vel_sent,,,,,,,,,,,,,,,0.0,0.0,0.0,,,,,,,,,,,,,,
1030.511696,cmd_vel_sent,,,,,,,,,,,,,,,0.0,0.0,0.0,,,,,,,,,,,,,,
1030.532463,cmd_vel_sent,,,,,,,,,,,,,,,0.0,0.0,0.0,,,,,,,,,,,,,,
1030.553168,cmd_vel_sent,,,,,,,,,,,,,,,0.0,0.0,0.0,,,,,,,,,,,,,,
1030.573863,cmd_vel_sent,,,,,,,,,,,,,,,0.0,0.0,0.0,,,,,,,,,,,,,,
1030.594437,cmd_vel_sent,,,,,,,,,,,,,,,0.0,0.0,0.0,,,,,,,,,,,,,,
1030.615045,cmd_vel_sent,,,,,,,,,,,,,,,0.0,0.0,0.0,,,,,,,,,,,,,,
1030.635713,cmd_vel_sent,,,,,,,,,,,,,,,0.0,0.0,0.0,,,,,,,,,,,,,,
1030.656414,cmd_vel_sent,,,,,,,,,,,,,,,0.0,0.0,0.0,,,,,,,,,,,,,,
1030.677048,cmd_vel_sent,,,,,,,,,,,,,,,0.0,0.0,0.0,,,,,,,,,,,,,,
1030.697735,cmd_vel_sent,,,,,,,,,,,,,,,0.0,0.0,0.0,,,,,,,,,,,,,,
1030.718413,cmd_vel_sent,,,,,,,,,,,,,,,0.0,0.0,0.0,,,,,,,,,,,,,,
1030.739109,cmd_vel_sent,,,,,,,,,,,,,,,0.0,0.0,0.0,,,,,,,,,,,,,,
1030.759801,cmd_vel_sent,,,,,,,,,,,,,,,0.0,0.0,0.0,,,,,,,,,,,,,,
1030.780780,cmd_vel_sent,,,,,,,,,,,,,,,0.0,0.0,0.0,,,,,,,,,,,,,,
1030.801501,cmd_vel_sent,,,,,,,,,,,,,,,0.0,0.0,0.0,,,,,,,,,,,,,,
1030.822120,cmd_vel_sent,,,,,,,,,,,,,,,0.0,0.0,0.0,,,,,,,,,,,,,,
1030.842747,cmd_vel_sent,,,,,,,,,,,,,,,0.0,0.0,0.0,,,,,,,,,,,,,,
1030.863290,cmd_vel_sent,,,,,,,,,,,,,,,0.0,0.0,0.0,,,,,,,,,,,,,,
