monotonic_s,record_type,segment,primitive_index,source_stamp_s,frame_id,child_frame_id,pose_x_m,pose_y_m,pose_yaw_rad,world_vx_mps,world_vy_mps,odom_wz_radps,ref_x_m,ref_y_m,ref_yaw_rad,ref_vx_mps,ref_vy_mps,position_error_m,yaw_error_rad,cmd_vx_mps,cmd_vy_mps,cmd_wz_radps,displacement_from_start_m,reason
3646.223869,trial_start,,,1790843315.746,odom,base_footprint,1.303565502166748,-0.010046016424894333,-0.02174130024525073,,,,,,,,,,,,,,,route_length_m=1.428319;profile_s=4.006263;speed=0.500;command_cap=0.700;kp_pos=1.000;kd_vel=0.200
3646.224843,segment_enter,north_out,0,1790843315.746,,,1.303565502166748,-0.010046016424894333,-0.02174130024525073,,,,,,,,,,,,,,,
3646.224974,control_sample,north_out,0,1790843315.746,odom,base_footprint,1.303565502166748,-0.010046016424894333,-0.02174130024525073,0.0,0.0,0.0,1.3035655034204547,-0.010046016452155844,-0.021741300245250672,5.0068164620002447e-05,-1.0887185451330459e-06,1.2540030560520896e-09,5.898059818321144e-17,6.0097254200574196e-05,-1.5994099626529326e-18,1.1796119636642288e-16,0.0,progress=0.0000;speed=0.0001;settled=False
3646.245188,control_sample,north_out,0,1790843315.841,odom,base_footprint,1.303565502166748,-0.010046016424894333,-0.02174130024525073,0.0,0.0,0.0,1.3037712432370352,-0.010050490208193905,-0.021741300245250672,0.020282625418450023,-0.0004410401420672721,0.00020578970513587916,5.898059818321144e-17,0.024550693705599307,1.4094628242311558e-18,1.1796119636642288e-16,0.0,progress=0.0002;speed=0.0203;settled=False
3646.265324,control_sample,north_out,0,1790843315.841,odom,base_footprint,1.303565502166748,-0.010046016424894333,-0.02174130024525073,0.0,0.0,0.0,1.304372786755858,-0.010063570607477914,-0.021741300245250672,0.04017695362558043,-0.0008736368674805567,0.0008074754220041453,5.898059818321144e-17,0.049031216622494773,3.686287386450715e-18,1.1796119636642288e-16,0.0,progress=0.0008;speed=0.0402;settled=False
3646.285439,control_sample,north_out,0,1790843315.841,odom,base_footprint,1.303565502166748,-0.010046016424894333,-0.02174130024525073,0.0,0.0,0.0,1.3053866735679704,-0.010085617298891313,-0.021741300245250672,0.060344693200993525,-0.0013121788483143018,0.0018216019054260128,5.898059818321144e-17,0.07425235150548798,8.673617379884035e-18,1.1796119636642288e-16,0.0,progress=0.0018;speed=0.0604;settled=False
3646.305041,control_sample,north_out,0,1790843315.841,odom,base_footprint,1.303565502166748,-0.010046016424894333,-0.02174130024525073,0.0,0.0,0.0,1.3067781048238398,-0.010115873590969125,-0.021741300245250672,0.08014790594698318,-0.0017427942929467714,0.0032133620798168944,5.898059818321144e-17,0.09941358448014684,1.0842021724855044e-17,1.1796119636642288e-16,0.0,progress=0.0032;speed=0.0802;settled=False
3646.324919,control_sample,north_out,0,1790843315.926,odom,base_footprint,1.304220199584961,-0.009843476116657257,-0.02303905868172493,0.007705855756582001,0.002372825799185555,-0.015267761424183846,1.3085791499820576,-0.010155036825316852,-0.021741300245250672,0.10012455169527762,-0.002177180990777364,0.0043700707819816385,0.0012977584364742588,0.12301290424062826,-0.0005650422091098319,0.0025955168729485177,0.0006853110869345354,progress=0.0050;speed=0.1001;settled=False
3646.344955,control_sample,north_out,0,1790843315.926,odom,base_footprint,1.304220199584961,-0.009843476116657257,-0.02303905868172493,0.007705855756582001,0.002372825799185555,-0.015267761424183846,1.310783833917703,-0.010202977074477393,-0.021741300245250672,0.12013846863264718,-0.0026123781404200656,0.006573472186951347,0.0012977584364742588,0.14924046485214856,-0.0005310051519499441,0.0025955168729485177,0.0006853110869345354,progress=0.0072;speed=0.1202;settled=False
3646.365183,control_sample,north_out,0,1790843315.926,odom,base_footprint,1.304220199584961,-0.009843476116657257,-0.02303905868172493,0.007705855756582001,0.002372825799185555,-0.015267761424183846,1.3133868106485087,-0.010259578091528573,-0.021741300245250672,0.14013555854837637,-0.003047209391079685,0.009176050307395234,0.0012977584364742588,0.17584621489301813,-0.000496477295992003,0.0025955168729485177,0.0006853110869345354,progress=0.0098;speed=0.1402;settled=False
3646.387305,control_sample,north_out,0,1790843315.926,odom,base_footprint,1.304220199584961,-0.009843476116657257,-0.02303905868172493,0.007705855756582001,0.002372825799185555,-0.015267761424183846,1.3163911386864617,-0.010324906382976987,-0.021741300245250672,0.1601412214369082,-0.0034822270586880384,0.01218045704043037,0.0012977584364742588,0.2028637007684275,-0.0004614151060812182,0.0025955168729485177,0.0006853110869345354,progress=0.0128;speed=0.1602;settled=False
3646.406091,control_sample,north_out,0,1790843316.016,odom,base_footprint,1.3058419227600098,-0.009192240424454212,-0.024413160172528373,0.018029413942480026,0.007211184537152177,-0.015267761424183846,1.3198149559414232,-0.010399356352711527,-0.021741300245250672,0.18025323018707176,-0.003919557187970099,0.014025077010595436,0.0026718599272777016,0.22678296951310947,-0.0018174240134750594,0.005343719854555403,0.0024312597920324278,progress=0.0163;speed=0.1803;settled=False
3646.425638,control_sample,north_out,0,1790843316.016,odom,base_footprint,1.3058419227600098,-0.009192240424454212,-0.024413160172528373,0.018029413942480026,0.007211184537152177,-0.015267761424183846,1.3235917735914344,-0.010481482219484566,-0.021741300245250672,0.20010766382481984,-0.004351286416884035,0.01779661060269286,0.0026718599272777016,0.25439153381308166,-0.0017436576213368266,0.005343719854555403,0.0024312597920324278,progress=0.0200;speed=0.2002;settled=False
3646.445653,control_sample,north_out,0,1790843316.016,odom,base_footprint,1.3058419227600098,-0.009192240424454212,-0.024413160172528373,0.018029413942480026,0.007211184537152177,-0.015267761424183846,1.3278154639587187,-0.010573325211267116,-0.021741300245250672,0.22020095699883438,-0.004788209581081777,0.022016900508466827,0.0026718599272777016,0.2827337730470865,-0.001667930947877998,0.005343719854555403,0.0024312597920324278,progress=0.0243;speed=0.2203;settled=False
3646.465038,control_sample,north_out,0,1790843316.016,odom,base_footprint,1.3058419227600098,-0.009192240424454212,-0.024413160172528373,0.018029413942480026,0.007211184537152177,-0.015267761424183846,1.3323957571035632,-0.010672922432910544,-0.021741300245250672,0.24009765264629737,-0.005220857785837557,0.02659508483827496,0.0026718599272777016,0.3111967261246477,-0.0015918817431704053,0.005343719854555403,0.0024312597920324278,progress=0.0288;speed=0.2402;settled=False
3646.484888,control_sample,north_out,0,1790843316.016,odom,base_footprint,1.3058419227600098,-0.009192240424454212,-0.024413160172528373,0.018029413942480026,0.007211184537152177,-0.015267761424183846,1.337390994696034,-0.010781542508072959,-0.021741300245250672,0.2600672930505535,-0.005655092154378122,0.03158907756072391,0.0026718599272777016,0.34016227434413027,-0.0015144896714479623,0.005343719854555403,0.0024312597920324278,progress=0.0338;speed=0.2601;settled=False
3646.505156,control_sample,north_out,0,1790843316.016,odom,base_footprint,1.3058419227600098,-0.009192240424454212,-0.024413160172528373,0.018029413942480026,0.007211184537152177,-0.015267761424183846,1.3428560291919656,-0.010900378188403356,-0.021741300245250672,0.2802899976330716,-0.006094829334257463,0.03705349928922747,0.0026718599272777016,0.36990147655992117,-0.001435030499696302,0.005343719854555403,0.0024312597920324278,progress=0.0393;speed=0.2804;settled=False
3646.525241,control_sample,north_out,0,1790843316.134,odom,base_footprint,1.3166699409484863,-0.009456638246774673,-0.024413160172528373,0.09176242249272422,-0.0022406558812421203,0.0,1.3486051991675385,-0.01102539231702248,-0.021741300245250672,0.3000968265241932,-0.006525523410976748,0.031973765915988994,0.0026718599272777016,0.37380611495974375,0.00017368285432092442,0.005343719854555403,0.01311768586379358,progress=0.0451;speed=0.3002;settled=False
3646.545167,control_sample,north_out,0,1790843316.134,odom,base_footprint,1.3166699409484863,-0.009456638246774673,-0.024413160172528373,0.09176242249272422,-0.0022406558812421203,0.0,1.3547993837841354,-0.01116008316729129,-0.021741300245250672,0.3200680345576683,-0.006959791867185905,0.03816747483858826,0.0026718599272777016,0.4039727709332692,0.00025428412535639065,0.005343719854555403,0.01311768586379358,progress=0.0512;speed=0.3201;settled=False
3646.565265,control_sample,north_out,0,1790843316.134,odom,base_footprint,1.3166699409484863,-0.009456638246774673,-0.024413160172528373,0.09176242249272422,-0.0022406558812421203,0.0,1.361409509604795,-0.011303818545275162,-0.021741300245250672,0.3400892147781024,-0.007395146954932208,0.04477768505190634,0.0026718599272777016,0.4346154455352909,0.00033615725451650175,0.005343719854555403,0.01311768586379358,progress=0.0579;speed=0.3402;settled=False
3646.585208,control_sample,north_out,0,1790843316.196,odom,base_footprint,1.3252038955688477,-0.009665018878877163,-0.024413160172528373,0.13764363001490612,-0.0033609837309261058,0.0,1.3684112905641403,-0.01145607035712515,-0.021741300245250672,0.36008461009415105,-0.007829941356985278,0.04324450077960177,0.0026718599272777016,0.44790344231437046,0.00041899281675202883,0.005343719854555403,0.021641747345214502,progress=0.0649;speed=0.3602;settled=False
3646.604773,control_sample,north_out,0,1790843316.196,odom,base_footprint,1.3252038955688477,-0.009665018878877163,-0.024413160172528373,0.13764363001490612,-0.0033609837309261058,0.0,1.3757922211105797,-0.011616566673042374,-0.021741300245250672,0.38002539232027566,-0.008263548212335596,0.05062595401480524,0.0026718599272777016,0.4792206010447416,0.0005026680773146368,0.005343719854555403,0.021641747345214502,progress=0.0722;speed=0.3801;settled=False
3646.625089,control_sample,north_out,0,1790843316.196,odom,base_footprint,1.3252038955688477,-0.009665018878877163,-0.024413160172528373,0.13764363001490612,-0.0033609837309261058,0.0,1.3836136865536015,-0.011786642299791697,-0.021741300245250672,0.4000731592561696,-0.008699481420937636,0.05844831023068849,0.0026718599272777016,0.5111068087776396,0.0005878637607217747,0.005343719854555403,0.021641747345214502,progress=0.0801;speed=0.4002;settled=False
3646.645206,control_sample,north_out,0,1790843316.196,odom,base_footprint,1.3252038955688477,-0.009665018878877163,-0.024413160172528373,0.13764363001490612,-0.0033609837309261058,0.0,1.3917957169586894,-0.011964558313020245,-0.021741300245250672,0.4200222925080914,-0.00913326986705976,0.06663151324730489,0.0026718599272777016,0.5432352774415022,0.0006737067329425969,0.005343719854555403,0.021641747345214502,progress=0.0883;speed=0.4201;settled=False
3646.665269,control_sample,north_out,0,1790843316.196,odom,base_footprint,1.3252038955688477,-0.009665018878877163,-0.024413160172528373,0.13764363001490612,-0.0033609837309261058,0.0,1.4004237127698846,-0.012152171722025174,-0.021741300245250672,0.440080265031322,-0.009569424993367028,0.07526092498117865,0.0026718599272777016,0.5759404528737176,0.0007610905885342759,0.005343719854555403,0.021641747345214502,progress=0.0969;speed=0.4402;settled=False
3646.685319,control_sample,north_out,0,1790843316.288,odom,base_footprint,1.3496146202087402,-0.010498273186385632,-0.01731365228994802,0.26253724346011953,-0.007096030331452552,0.07633878290653229,1.409434013339847,-0.012348098243442376,-0.021741300245250672,0.46009453588537874,-0.010004629838831288,0.059847987830131996,-0.004427647955302653,0.5595568470532853,-0.00274909814706141,-0.008855295910605306,0.046051338836386124,progress=0.1059;speed=0.4602;settled=False
3646.704798,control_sample,north_out,0,1790843316.288,odom,base_footprint,1.3496146202087402,-0.010498273186385632,-0.01731365228994802,0.26253724346011953,-0.007096030331452552,0.07633878290653229,1.4188004442462754,-0.01255176872161808,-0.021741300245250672,0.4800160586642153,-0.010437817902768128,0.06921629209706336,-0.004427647955302653,0.5928366442653551,-0.0028964503360422757,-0.008855295910605306,0.046051338836386124,progress=0.1153;speed=0.4801;settled=False
3646.725128,control_sample,north_out,0,1790843316.288,odom,base_footprint,1.3496146202087402,-0.010498273186385632,-0.01731365228994802,0.26253724346011953,-0.007096030331452552,0.07633878290653229,1.4286116481804114,-0.012765110667627998,-0.021741300245250672,0.4998818336206359,-0.010869793745554546,0.07902954498491918,-0.004427647955302653,0.6264944027389177,-0.003045476015365523,-0.008855295910605306,0.046051338836386124,progress=0.1251;speed=0.5000;settled=False
3646.745221,control_sample,north_out,0,1790843316.288,odom,base_footprint,1.3496146202087402,-0.010498273186385632,-0.01731365228994802,0.26253724346011953,-0.007096030331452552,0.07633878290653229,1.4386218863739022,-0.01298278055916819,-0.021741300245250672,0.4998818336206359,-0.010869793745554546,0.08904193510409238,-0.004427647955302653,0.6365069090951304,-0.0030898081583581975,-0.008855295910605306,0.046051338836386124,progress=0.1351;speed=0.5000;settled=False
3646.764922,control_sample,north_out,0,1790843316.378,odom,base_footprint,1.382517695426941,-0.010841043666005135,-0.010519499921350003,0.36971517173479074,-0.001339505764256036,0.07633878290653229,1.4486059067651438,-0.013199880351769512,-0.021741300245250672,0.4998818336206359,-0.010869793745554546,0.066130294029235,-0.011221800323900669,0.5921298285403188,-0.008906386009168621,-0.022443600647801338,0.0789561960134159,progress=0.1451;speed=0.5000;settled=False
3646.785076,control_sample,north_out,0,1790843316.378,odom,base_footprint,1.382517695426941,-0.010841043666005135,-0.010519499921350003,0.36971517173479074,-0.001339505764256036,0.07633878290653229,1.458610194865126,-0.013417420860153816,-0.021741300245250672,0.4998818336206359,-0.010869793745554546,0.07613610306678906,-0.011221800323900669,0.6021358514839072,-0.009018676314245393,-0.022443600647801338,0.0789561960134159,progress=0.1551;speed=0.5000;settled=False
3646.804827,control_sample,north_out,0,1790843316.378,odom,base_footprint,1.382517695426941,-0.010841043666005135,-0.010519499921350003,0.36971517173479074,-0.001339505764256036,0.07633878290653229,1.4685916398651182,-0.013634464651576835,-0.021741300245250672,0.4998818336206359,-0.010869793745554546,0.08611926098120595,-0.011221800323900669,0.6121190273662839,-0.009130710223400628,-0.022443600647801338,0.0789561960134159,progress=0.1651;speed=0.5000;settled=False
3646.825095,control_sample,north_out,0,1790843316.378,odom,base_footprint,1.382517695426941,-0.010841043666005135,-0.010519499921350003,0.36971517173479074,-0.001339505764256036,0.07633878290653229,1.478603093771329,-0.013852160978457605,-0.021741300245250672,0.4998818336206359,-0.010869793745554546,0.09613256785537924,-0.011221800323900669,0.6221322173587234,-0.009243080959044723,-0.022443600647801338,0.0789561960134159,progress=0.1751;speed=0.5000;settled=False
3646.845116,control_sample,north_out,0,1790843316.378,odom,base_footprint,1.382517695426941,-0.010841043666005135,-0.010519499921350003,0.36971517173479074,-0.001339505764256036,0.07633878290653229,1.488445835195016,-0.014066188698551748,-0.021741300245250672,0.4822260602445819,-0.010485873782658665,0.10597722564403081,-0.011221800323900669,0.6107860635357348,-0.009115751341531926,-0.022443600647801338,0.0789561960134159,progress=0.1849;speed=0.4823;settled=False
3646.865186,control_sample,north_out,0,1790843316.468,odom,base_footprint,1.4240453243255615,-0.01150994561612606,-0.0007939385306393388,0.4563969745880913,-0.0029120599126738196,0.10687430202960968,1.4978952667412966,-0.014271664002938896,-0.021741300245250672,0.4622202683860823,-0.010050853310633639,0.07390156346962792,-0.020947361714611333,0.5372460061873305,-0.01381379447078726,-0.041894723429222666,0.12048871580399662,progress=0.1944;speed=0.4623;settled=False
3646.885019,segment_enter,left_arc_out,1,1790843316.468,,,1.4240453243255615,-0.01150994561612606,-0.0007939385306393388,,,,,,,,,,,,,,,
3646.885247,control_sample,left_arc_out,1,1790843316.468,odom,base_footprint,1.4240453243255615,-0.01150994561612606,-0.0007939385306393388,0.4563969745880913,-0.0029120599126738196,0.10687430202960968,1.5069763862994645,-0.014439221252611182,-0.021741300245250672,0.4499955467499364,-0.0020019753309596993,0.08298277951402835,-0.020947361714611333,0.5316499261971814,-0.004327138098007082,-0.041894723429222666,0.12048871580399662,progress=0.2035;speed=0.4500;settled=False
3646.905260,control_sample,left_arc_out,1,1790843316.468,odom,base_footprint,1.4240453243255615,-0.01150994561612606,-0.0007939385306393388,0.4563969745880913,-0.0029120599126738196,0.10687430202960968,1.5159662729424366,-0.014277103302037259,-0.021741300245250672,0.44963078136114526,0.018225269615727735,0.09196258998247538,-0.020947361714611333,0.5401826919416168,0.02011445598261462,-0.041894723429222666,0.12048871580399662,progress=0.2125;speed=0.4500;settled=False
3646.924868,control_sample,left_arc_out,1,1790843316.468,odom,base_footprint,1.4240453243255615,-0.01150994561612606,-0.0007939385306393388,0.4563969745880913,-0.0029120599126738196,0.10687430202960968,1.5249305629460992,-0.013711885516730516,-0.021741300245250672,0.44835904134420485,0.0383949221239686,0.10090926573337405,-0.020947361714611333,0.5476012266774158,0.044889154445980635,-0.041894723429222666,0.12048871580399662,progress=0.2214;speed=0.4500;settled=False
3646.945242,control_sample,left_arc_out,1,1790843316.468,odom,base_footprint,1.4240453243255615,-0.01150994561612606,-0.0007939385306393388,0.4563969745880913,-0.0029120599126738196,0.10687430202960968,1.5339019262276787,-0.01273930565575488,-0.021741300245250672,0.4461707366570101,0.058580489507522315,0.10986348031801696,-0.020947361714611333,0.5539266188483133,0.07008944508161392,-0.041894723429222666,0.12048871580399662,progress=0.2305;speed=0.4500;settled=False
3646.965284,control_sample,left_arc_out,1,1790843316.56,odom,base_footprint,1.4711941480636597,-0.012251099571585655,0.003419966569880179,0.5125160577741106,-0.005896388685085883,0.045803315937519073,1.5427914041944923,-0.011368158601245026,-0.021741300245250672,0.44308565578436293,0.07858181493285235,0.07160270016012778,-0.02516126681513085,0.5011234515100405,0.09464712802007094,-0.0503225336302617,0.1676431487324072,progress=0.2395;speed=0.4500;settled=False
3646.985257,control_sample,left_arc_out,1,1790843316.56,odom,base_footprint,1.4711941480636597,-0.012251099571585655,0.003419966569880179,0.5125160577741106,-0.005896388685085883,0.045803315937519073,1.5516132503229267,-0.009598038647970264,-0.021741300245250672,0.4391028858894941,0.09843096872183016,0.08046285317120484,-0.02516126681513085,0.5052534638349859,0.12022225760897139,-0.0503225336302617,0.1676431487324072,progress=0.2485;speed=0.4500;settled=False
3647.004785,control_sample,left_arc_out,1,1790843316.56,odom,base_footprint,1.4711941480636597,-0.012251099571585655,0.003419966569880179,0.5125160577741106,-0.005896388685085883,0.045803315937519073,1.5603232512170355,-0.0074392648654846225,-0.021741300245250672,0.4342456448789022,0.11802847073357506,0.08925889749579004,-0.02516126681513085,0.5082225687913176,0.14588802968113962,-0.0503225336302617,0.1676431487324072,progress=0.2574;speed=0.4500;settled=False
3647.025105,control_sample,left_arc_out,1,1790843316.56,odom,base_footprint,1.4711941480636597,-0.012251099571585655,0.003419966569880179,0.5125160577741106,-0.005896388685085883,0.045803315937519073,1.5689784804999496,-0.004875660175247231,-0.021741300245250672,0.4284775343258674,0.13750273662013116,0.09806208633462743,-0.02516126681513085,0.5100447441483807,0.17181467328967187,-0.0503225336302617,0.1676431487324072,progress=0.2665;speed=0.4500;settled=False
3647.045020,control_sample,left_arc_out,1,1790843316.658,odom,base_footprint,1.520899772644043,-0.010349840857088566,0.007862901242102514,0.5123367170426624,0.021877095154485784,0.04580345004796982,1.5774815020794364,-0.0019344088540255606,-0.021741300245250672,0.4218597188531184,0.15663453517397705,0.05720412224392786,-0.02960420148735319,0.4618414911513264,0.18837590172562024,-0.05920840297470638,0.21733448284426377,progress=0.2755;speed=0.4500;settled=False
3647.065421,control_sample,left_arc_out,1,1790843316.658,odom,base_footprint,1.520899772644043,-0.010349840857088566,0.007862901242102514,0.5123367170426624,0.021877095154485784,0.04580345004796982,1.5858627040133126,0.0013943674333526434,-0.021741300245250672,0.41436997220651783,0.17549223952519846,0.06601597443390281,-0.02960420148735319,0.4614391191139258,0.2143378895620737,-0.05920840297470638,0.21733448284426377,progress=0.2845;speed=0.4500;settled=False
3647.085228,control_sample,left_arc_out,1,1790843316.658,odom,base_footprint,1.520899772644043,-0.010349840857088566,0.007862901242102514,0.5123367170426624,0.021877095154485784,0.04580345004796982,1.5940477499964714,0.005079625217814417,-0.021741300245250672,0.4060781421914792,0.19390859298730626,0.07475757496139077,-0.02960420148735319,0.459876765535265,0.2401358534846126,-0.05920840297470638,0.21733448284426377,progress=0.2934;speed=0.4500;settled=False
3647.105058,control_sample,left_arc_out,1,1790843316.658,odom,base_footprint,1.520899772644043,-0.010349840857088566,0.007862901242102514,0.5123367170426624,0.021877095154485784,0.04580345004796982,1.602073164538688,0.009135901356327525,-0.021741300245250672,0.39695152087982394,0.21196577570729352,0.08347942082507127,-0.02960420148735319,0.4571525951975007,0.2658829644549761,-0.05920840297470638,0.21733448284426377,progress=0.3024;speed=0.4500;settled=False
3647.125309,control_sample,left_arc_out,1,1790843316.736,odom,base_footprint,1.561441421508789,-0.006451146677136421,0.012626440994166899,0.51952114286591,0.052458601385152806,0.06107102707028389,1.609992107837523,0.01359866062181429,-0.021741300245250672,0.3869103125324791,0.22978339812967194,0.05252774424736103,-0.03436774123941757,0.4125084400062069,0.28011211811776415,-0.06873548247883514,0.25790097492061986,progress=0.3115;speed=0.4500;settled=False
3647.145147,control_sample,left_arc_out,1,1790843316.736,odom,base_footprint,1.561441421508789,-0.006451146677136421,0.012626440994166899,0.51952114286591,0.052458601385152806,0.06107102707028389,1.6175560145346504,0.01832203831113889,-0.021741300245250672,0.37628271273149916,0.24680218819820882,0.061339695507243525,-0.03436774123941757,0.4076371356986553,0.30532155899765223,-0.06873548247883514,0.25790097492061986,progress=0.3204;speed=0.4500;settled=False
3647.165151,control_sample,left_arc_out,1,1790843316.736,odom,base_footprint,1.561441421508789,-0.006451146677136421,0.012626440994166899,0.51952114286591,0.052458601385152806,0.06107102707028389,1.6249659013696718,0.023424136487660174,-0.021741300245250672,0.36480299183432635,0.2634744335770065,0.0701989464719555,-0.03436774123941757,0.4015888911535064,0.3305087251330798,-0.06873548247883514,0.25790097492061986,progress=0.3294;speed=0.4500;settled=False
3647.185115,control_sample,left_arc_out,1,1790843316.736,odom,base_footprint,1.561441421508789,-0.006451146677136421,0.012626440994166899,0.51952114286591,0.052458601385152806,0.06107102707028389,1.6321384821730174,0.028854019029920276,-0.021741300245250672,0.3525857561142409,0.27961274038453443,0.0790223329962126,-0.03436774123941757,0.39441446101467076,0.355397144873032,-0.06873548247883514,0.25790097492061986,progress=0.3384;speed=0.4500;settled=False
3647.205178,control_sample,left_arc_out,1,1790843316.736,odom,base_footprint,1.561441421508789,-0.006451146677136421,0.012626440994166899,0.51952114286591,0.052458601385152806,0.06107102707028389,1.6390527937028465,0.0345950113810627,-0.021741300245250672,0.33966852332416986,0.29516994132664975,0.08779699416940866,-0.03436774123941757,0.3861369762443009,0.37991324498901025,-0.06873548247883514,0.25790097492061986,progress=0.3474;speed=0.4500;settled=False
3647.225251,control_sample,left_arc_out,1,1790843316.832,odom,base_footprint,1.6095372438430786,0.003703063353896141,0.019954971407442332,0.5002098906393388,0.1094417288679259,0.07633887231349945,1.6457262664557804,0.040663702474970184,-0.021741300245250672,0.3260139683628787,0.3101852550207504,0.05172749947465958,-0.041696271652693004,0.3350265701587101,0.380685389541237,-0.08339254330538601,0.30628049872496077,progress=0.3565;speed=0.4500;settled=False
3647.245240,control_sample,left_arc_out,1,1790843316.832,odom,base_footprint,1.6095372438430786,0.003703063353896141,0.019954971407442332,0.5002098906393388,0.1094417288679259,0.07633887231349945,1.6521079858247973,0.04701532730069,-0.021741300245250672,0.3117228125050092,0.32454412360103957,0.06073071941835375,-0.041696271652693004,0.3247315985101743,0.4044778158197347,-0.08339254330538601,0.30628049872496077,progress=0.3655;speed=0.4500;settled=False
3647.265299,control_sample,left_arc_out,1,1790843316.832,odom,base_footprint,1.6095372438430786,0.003703063353896141,0.019954971407442332,0.5002098906393388,0.1094417288679259,0.07633887231349945,1.6581943728560948,0.05364433349150259,-0.021741300245250672,0.29680754857568054,0.33823849442145854,0.06972550944056764,-0.041696271652693004,0.3133821965296186,0.4277711665193317,-0.08339254330538601,0.30628049872496077,progress=0.3745;speed=0.4500;settled=False
3647.285721,control_sample,left_arc_out,1,1790843316.832,odom,base_footprint,1.6095372438430786,0.003703063353896141,0.019954971407442332,0.5002098906393388,0.1094417288679259,0.07633887231349945,1.664035846178164,0.060614704154438315,-0.021741300245250672,0.28112421458407466,0.3513818093961142,0.07879741439341587,-0.041696271652693004,0.30086004580508796,0.4507679562472324,-0.08339254330538601,0.30628049872496077,progress=0.3836;speed=0.4500;settled=False
3647.305455,control_sample,left_arc_out,1,1790843316.832,odom,base_footprint,1.6095372438430786,0.003703063353896141,0.019954971407442332,0.5002098906393388,0.1094417288679259,0.07633887231349945,1.6694590932571431,0.0677126214129743,-0.021741300245250672,0.2651539007523692,0.36358411532381707,0.0876803943884853,-0.041696271652693004,0.28755545800355764,0.4727784978317661,-0.08339254330538601,0.30628049872496077,progress=0.3925;speed=0.4500;settled=False
3647.325188,control_sample,left_arc_out,1,1790843316.939,odom,base_footprint,1.6537699699401855,0.029690241441130638,0.0036184676116588882,0.4173018716925844,0.23608537667441482,-0.15267761051654816,1.6745735519708942,0.07506607050594086,-0.021741300245250672,0.24860864029319432,0.375091647429757,0.04991748079207623,-0.02535976785690956,0.23729407551587126,0.44741302064769656,-0.05071953571381912,0.35245161290263927,progress=0.4014;speed=0.4500;settled=False
3647.345217,control_sample,left_arc_out,1,1790843316.939,odom,base_footprint,1.6537699699401855,0.029690241441130638,0.0036184676116588882,0.4173018716925844,0.23608537667441482,-0.15267761051654816,1.67937558639531,0.08267773083289598,-0.021741300245250672,0.23148240455754515,0.3858962248846923,0.05884999257510048,-0.02535976785690956,0.22161918776375922,0.4680470279540058,-0.05071953571381912,0.35245161290263927,progress=0.4104;speed=0.4500;settled=False
3647.365369,control_sample,left_arc_out,1,1790843316.939,odom,base_footprint,1.6537699699401855,0.029690241441130638,0.0036184676116588882,0.4173018716925844,0.23608537667441482,-0.15267761051654816,1.6838413731471151,0.09051816645683608,-0.021741300245250672,0.2138414244036804,0.3959442450762545,0.06785518220850946,-0.02535976785690956,0.20498790801011268,0.48800539808402393,-0.05071953571381912,0.35245161290263927,progress=0.4195;speed=0.4500;settled=False
3647.385233,control_sample,left_arc_out,1,1790843316.939,odom,base_footprint,1.6537699699401855,0.029690241441130638,0.0036184676116588882,0.4173018716925844,0.23608537667441482,-0.15267761051654816,1.6879282090418957,0.09850906652876398,-0.021741300245250672,0.19586189924184216,0.40513962583951035,0.07682978579282823,-0.02535976785690956,0.18756827069016818,0.5070939122935179,-0.05071953571381912,0.35245161290263927,progress=0.4284;speed=0.4500;settled=False
3647.405073,control_sample,left_arc_out,1,1790843317.006,odom,base_footprint,1.679152488708496,0.04942777752876282,-0.001496232630754151,0.38034599336240194,0.2926485728750143,-0.07633880525827408,1.6916506826100983,0.10667124209297642,-0.021741300245250672,0.17749700422236397,0.4135151913679666,0.058591971174525484,-0.020245067614496518,0.14868469993414457,0.49515500070213825,-0.040490135228993036,0.38026663885588663,progress=0.4374;speed=0.4500;settled=False
3647.425155,control_sample,left_arc_out,1,1790843317.006,odom,base_footprint,1.679152488708496,0.04942777752876282,-0.001496232630754151,0.38034599336240194,0.2926485728750143,-0.07633880525827408,1.6950220315837004,0.11504158776840115,-0.021741300245250672,0.15866372645265853,0.4211007265585705,0.0675056626160444,-0.020245067614496518,0.12942999346282383,0.5125991986231837,-0.040490135228993036,0.38026663885588663,progress=0.4464;speed=0.4500;settled=False
3647.445149,control_sample,left_arc_out,1,1790843317.006,odom,base_footprint,1.679152488708496,0.04942777752876282,-0.001496232630754151,0.38034599336240194,0.2926485728750143,-0.07633880525827408,1.6980045523602072,0.1235314738388335,-0.021741300245250672,0.1395614827941861,0.42781139830571147,0.0764640968739143,-0.020245067614496518,0.10946509246272573,0.5291120371487271,-0.040490135228993036,0.38026663885588663,progress=0.4554;speed=0.4500;settled=False
3647.465231,control_sample,left_arc_out,1,1790843317.006,odom,base_footprint,1.679152488708496,0.04942777752876282,-0.001496232630754151,0.38034599336240194,0.2926485728750143,-0.07633880525827408,1.70060553283571,0.13215906634049057,-0.021741300245250672,0.12014939966545729,0.43366360437559226,0.08546753331396487,-0.020245067614496518,0.0887481799564563,0.5447312971088162,-0.040490135228993036,0.38026663885588663,progress=0.4645;speed=0.4500;settled=False
3647.485087,control_sample,left_arc_out,1,1790843317.006,odom,base_footprint,1.679152488708496,0.04942777752876282,-0.001496232630754151,0.38034599336240194,0.2926485728750143,-0.07633880525827408,1.7028093796950734,0.14086944497779802,-0.021741300245250672,0.10055104773151563,0.4386222598091602,0.0944522473899417,-0.020245067614496518,0.06741209244620053,0.5593601549028684,-0.040490135228993036,0.38026663885588663,progress=0.4734;speed=0.4500;settled=False
3647.505735,control_sample,left_arc_out,1,1790843317.116,odom,base_footprint,1.7123081684112549,0.08976571261882782,-0.008214048607346496,0.3038721636460191,0.3646754080961876,-0.061071060597896576,1.7046469394765058,0.14981915601476498,-0.021741300245250672,0.08041419789834027,0.4427567693173833,0.06054015603299734,-0.013527251637904176,0.023802096699493604,0.5186394906972823,-0.027054503275808352,0.4207528353598651,progress=0.4826;speed=0.4500;settled=False
3647.525246,control_sample,left_arc_out,1,1790843317.116,odom,base_footprint,1.7123081684112549,0.08976571261882782,-0.008214048607346496,0.3038721636460191,0.3646754080961876,-0.061071060597896576,1.706039024402553,0.15858634904426439,-0.021741300245250672,0.06068801358196657,0.4458889604009893,0.06910558707227636,-0.013527251637904176,0.001420625485212176,0.5309818889741047,-0.027054503275808352,0.4207528353598651,progress=0.4915;speed=0.4500;settled=False
3647.545228,control_sample,left_arc_out,1,1790843317.116,odom,base_footprint,1.7123081684112549,0.08976571261882782,-0.008214048607346496,0.3038721636460191,0.3646754080961876,-0.061071060597896576,1.7070513275983221,0.16752365978791595,-0.021741300245250672,0.04057906440875021,0.4481666425914701,0.07793543945653489,-0.013527251637904176,-0.02179289164151857,0.5424621308196745,-0.027054503275808352,0.4207528353598651,progress=0.5004;speed=0.4500;settled=False
3647.565203,control_sample,left_arc_out,1,1790843317.116,odom,base_footprint,1.7123081684112549,0.08976571261882782,-0.008214048607346496,0.3038721636460191,0.3646754080961876,-0.061071060597896576,1.707661180395514,0.1765063372485458,-0.021741300245250672,0.02036804012233283,0.4495388113851517,0.08686501285772126,-0.013527251637904176,-0.045522778817071355,0.5528968465941446,-0.027054503275808352,0.4207528353598651,progress=0.5095;speed=0.4500;settled=False
3647.585847,segment_enter,west_to_cell_center,2,1790843317.188,,,1.7300513982772827,0.11977392435073853,-0.008214050469975882,,,,,,,,,,,,,,,
3647.586077,control_sample,west_to_cell_center,2,1790843317.188,odom,base_footprint,1.7300513982772827,0.11977392435073853,-0.008214050469975882,0.24305802457714276,0.4110714183271969,-2.2307128588749947e-08,1.7079128555145449,0.18553234144570888,-0.021741300245250672,0.009989451915429586,0.4593965310880292,0.06938504517901291,-0.01352724977527479,-0.06315381184115416,0.5343192532963629,-0.02705449955054958,0.4458065013031939,progress=0.5185;speed=0.4595;settled=False
3647.604851,control_sample,west_to_cell_center,2,1790843317.188,odom,base_footprint,1.7300513982772827,0.11977392435073853,-0.008214050469975882,0.24305802457714276,0.4110714183271969,-2.2307128588749947e-08,1.708116918698526,0.19491683217027134,-0.021741300245250672,0.010424089814196427,0.47938472910562685,0.07827884765353726,-0.01352724977527479,-0.06270231013672067,0.5676944161733468,-0.02705449955054958,0.4458065013031939,progress=0.5279;speed=0.4795;settled=False
3647.625239,control_sample,west_to_cell_center,2,1790843317.188,odom,base_footprint,1.7300513982772827,0.11977392435073853,-0.008214050469975882,0.24305802457714276,0.4110714183271969,-2.2307128588749947e-08,1.7083301743795203,0.2047240689349062,-0.021741300245250672,0.010859734321074942,0.49941921917994425,0.08768317188883917,-0.01352724977527479,-0.06224433706387831,0.6015479448517448,-0.02705449955054958,0.4458065013031939,progress=0.5377;speed=0.4995;settled=False
3647.645244,control_sample,west_to_cell_center,2,1790843317.188,odom,base_footprint,1.7300513982772827,0.11977392435073853,-0.008214050469975882,0.24305802457714276,0.4110714183271969,-2.2307128588749947e-08,1.7085475970907185,0.21472293975882428,-0.021741300245250672,0.010869793745554546,0.4998818336206359,0.09735362855300356,-0.01352724977527479,-0.06210154096609302,0.6121034820180006,-0.02705449955054958,0.4458065013031939,progress=0.5477;speed=0.5000;settled=False
3647.665274,control_sample,west_to_cell_center,2,1790843317.276,odom,base_footprint,1.7441284656524658,0.15914452075958252,-0.008214050469975882,0.16180496310565237,0.45253564201037677,0.0,1.708765147686273,0.22472769174924323,-0.021741300245250672,0.010869793745554546,0.4998818336206359,0.07450984213268154,-0.01352724977527479,-0.05940119922041217,0.5744657036418223,-0.02705449955054958,0.471933430335349,progress=0.5577;speed=0.5000;settled=False
3647.685164,control_sample,west_to_cell_center,2,1790843317.276,odom,base_footprint,1.7441284656524658,0.15914452075958252,-0.008214050469975882,0.16180496310565237,0.45253564201037677,0.0,1.7089819820928591,0.23469950752546806,-0.021741300245250672,0.010869793745554546,0.4998818336206359,0.08332965457626021,-0.01352724977527479,-0.059266280205752586,0.5844389640863475,-0.02705449955054958,0.471933430335349,progress=0.5677;speed=0.5000;settled=False
3647.704703,control_sample,west_to_cell_center,2,1790843317.276,odom,base_footprint,1.7441284656524658,0.15914452075958252,-0.008214050469975882,0.16180496310565237,0.45253564201037677,0.0,1.7091990766788299,0.24468328847334322,-0.021741300245250672,0.010869793745554546,0.4998818336206359,0.09239557887723997,-0.01352724977527479,-0.05913119930190411,0.5944241914359788,-0.02705449955054958,0.471933430335349,progress=0.5776;speed=0.5000;settled=False
3647.725185,control_sample,west_to_cell_center,2,1790843317.276,odom,base_footprint,1.7441284656524658,0.15914452075958252,-0.008214050469975882,0.16180496310565237,0.45253564201037677,0.0,1.7094172304283681,0.25471577840673076,-0.021741300245250672,0.010869793745554546,0.4998818336206359,0.10167957090310832,-0.01352724977527479,-0.05899545936378533,0.6044581348278444,-0.02705449955054958,0.471933430335349,progress=0.5877;speed=0.5000;settled=False
3647.745052,control_sample,west_to_cell_center,2,1790843317.276,odom,base_footprint,1.7441284656524658,0.15914452075958252,-0.008214050469975882,0.16180496310565237,0.45253564201037677,0.0,1.7096312540287188,0.26455833037099785,-0.021741300245250672,0.010499696351476913,0.4828617347760365,0.11091496232071353,-0.01352724977527479,-0.05913862832898787,0.5938750351725431,-0.02705449955054958,0.471933430335349,progress=0.5975;speed=0.4830;settled=False
3647.765314,control_sample,west_to_cell_center,2,1790843317.276,odom,base_footprint,1.7441284656524658,0.15914452075958252,-0.008214050469975882,0.16180496310565237,0.45253564201037677,0.0,1.7098372017642554,0.27402948815740785,-0.021741300245250672,0.010064252870563492,0.46283648951633005,0.11989347986045895,-0.01352724977527479,-0.05933561395310651,0.5793137893902262,-0.02705449955054958,0.471933430335349,progress=0.6070;speed=0.4629;settled=False
3647.785050,control_sample,west_to_cell_center,2,1790843317.396,odom,base_footprint,1.7525758743286133,0.2190464735031128,-0.008214044882087726,0.07039523886469928,0.49918297250526733,4.4614257177499894e-08,1.7100338451762336,0.2830727572064952,-0.021741300245250672,0.00963012422163599,0.442871710962746,0.0768712511233422,-0.013527255363162946,-0.04913453604287643,0.49524886087018266,-0.027054510726325892,0.504077060825377,progress=0.6160;speed=0.4430;settled=False
3647.804741,control_sample,west_to_cell_center,2,1790843317.396,odom,base_footprint,1.7525758743286133,0.2190464735031128,-0.008214044882087726,0.07039523886469928,0.49918297250526733,4.4614257177499894e-08,1.7102216924145894,0.2917115063997181,-0.021741300245250672,0.009196295426841087,0.42292072214953164,0.08410757237889438,-0.013527255363162946,-0.049341578638997505,0.4799442065458033,-0.027054510726325892,0.504077060825377,progress=0.6247;speed=0.4230;settled=False
3647.825162,control_sample,west_to_cell_center,2,1790843317.396,odom,base_footprint,1.7525758743286133,0.2190464735031128,-0.008214044882087726,0.07039523886469928,0.49918297250526733,4.4614257177499894e-08,1.7104016690227808,0.2999882997793944,-0.021741300245250672,0.008760514547529075,0.40287996055767605,0.09127016398647622,-0.013527255363162946,-0.04955497606708886,0.4641698010281272,-0.027054510726325892,0.504077060825377,progress=0.6330;speed=0.4030;settled=False
3647.845177,control_sample,west_to_cell_center,2,1790843317.456,odom,base_footprint,1.7549738883972168,0.2502363622188568,-0.010046181811879194,0.04091958234471237,0.5197572279789463,-0.030535602942109108,1.710572559587007,0.3078472426989573,-0.021741300245250672,0.008325649187461506,0.38288130201297477,0.07273576527269646,-0.011695118433371478,-0.046742495486280275,0.41266824584557626,-0.023390236866742957,0.521072401679119,progress=0.6408;speed=0.3830;settled=False
3647.865184,control_sample,west_to_cell_center,2,1790843317.456,odom,base_footprint,1.7549738883972168,0.2502363622188568,-0.010046181811879194,0.04091958234471237,0.5197572279789463,-0.030535602942109108,1.7107347172910772,0.31530457743261175,-0.021741300245250672,0.00789087772067784,0.36288696144780663,0.07868276108056853,-0.011695118433371478,-0.04693592579592085,0.3961295941166046,-0.023390236866742957,0.521072401679119,progress=0.6483;speed=0.3630;settled=False
3647.885199,control_sample,west_to_cell_center,2,1790843317.456,odom,base_footprint,1.7549738883972168,0.2502363622188568,-0.010046181811879194,0.04091958234471237,0.5197572279789463,-0.030535602942109108,1.7108881716131488,0.3223616596265969,-0.021741300245250672,0.007456130623961179,0.34289374161722325,0.08453170381886324,-0.011695118433371478,-0.047134022374310865,0.37919196771882635,-0.023390236866742957,0.521072401679119,progress=0.6553;speed=0.3430;settled=False
3647.905048,control_sample,west_to_cell_center,2,1790843317.456,odom,base_footprint,1.7549738883972168,0.2502363622188568,-0.010046181811879194,0.04091958234471237,0.5197572279789463,-0.030535602942109108,1.7110332098106884,0.3290316997238071,-0.021741300245250672,0.007020522965679327,0.3228609461421317,0.09021911353567834,-0.011695118433371478,-0.047337201951514134,0.3618197354557109,-0.023390236866742957,0.521072401679119,progress=0.6620;speed=0.3229;settled=False
3647.925432,control_sample,west_to_cell_center,2,1790843317.456,odom,base_footprint,1.7549738883972168,0.2502363622188568,-0.010046181811879194,0.04091958234471237,0.5197572279789463,-0.030535602942109108,1.7111697051395631,0.3353088689945047,-0.021741300245250672,0.00658430242495306,0.3027999653300154,0.09568771018246157,-0.011695118433371478,-0.04754537282243744,0.34402073828344526,-0.023390236866742957,0.521072401679119,progress=0.6683;speed=0.3029;settled=False
3647.945206,control_sample,west_to_cell_center,2,1790843317.548,odom,base_footprint,1.7556755542755127,0.2964707612991333,-0.008626280062098503,0.006838507303493635,0.49715412501667483,0.015267756767570972,1.7112963897807996,0.34113486277464217,-0.021741300245250672,0.006151820441085096,0.28291091387563766,0.06296341955344674,-0.013115020183152169,-0.0408193529995789,0.28438483917636287,-0.026230040366304337,0.5462197673502038,progress=0.6741;speed=0.2830;settled=False
3647.965332,control_sample,west_to_cell_center,2,1790843317.548,odom,base_footprint,1.7556755542755127,0.2964707612991333,-0.008626280062098503,0.006838507303493635,0.49715412501667483,0.015267756767570972,1.7114156156453562,0.3466178411258995,-0.021741300245250672,0.005714984909157185,0.2628216507486279,0.06688551250231461,-0.013115020183152169,-0.04106365967306269,0.26575790130741483,-0.026230040366304337,0.5462197673502038,progress=0.6796;speed=0.2629;settled=False
3647.985195,control_sample,west_to_cell_center,2,1790843317.548,odom,base_footprint,1.7556755542755127,0.2964707612991333,-0.008626280062098503,0.006838507303493635,0.49715412501667483,0.015267756767570972,1.7115251121133923,0.35165338241565397,-0.021741300245250672,0.005282067437871168,0.2429125720284021,0.07067095030067312,-0.013115020183152169,-0.04131099937595507,0.24689971289773197,-0.026230040366304337,0.5462197673502038,progress=0.6846;speed=0.2430;settled=False
3648.005074,control_sample,west_to_cell_center,2,1790843317.548,odom,base_footprint,1.7556755542755127,0.2964707612991333,-0.008626280062098503,0.006838507303493635,0.49715412501667483,0.015267756767570972,1.7116262223069474,0.35630325435758703,-0.021741300245250672,0.004848097422716596,0.22295508875043626,0.07429852537208786,-0.013115020183152169,-0.04156416014110001,0.2275977029445701,-0.026230040366304337,0.5462197673502038,progress=0.6893;speed=0.2230;settled=False
3648.025109,control_sample,west_to_cell_center,2,1790843317.638,odom,base_footprint,1.7557872533798218,0.3357292413711548,-0.004549797245882384,-0.0005427763704038738,0.441107900719763,0.04580318182706833,1.711718900853696,0.36056537036185576,-0.021741300245250672,0.004412987861865009,0.2029451998605653,0.050585106480165086,-0.017191502999368287,-0.03948344926597953,0.17997101036616375,-0.034383005998736574,0.5692671088110952,progress=0.6936;speed=0.2030;settled=False
3648.044933,control_sample,west_to_cell_center,2,1790843317.638,odom,base_footprint,1.7557872533798218,0.3357292413711548,-0.004549797245882384,-0.0005427763704038738,0.441107900719763,0.04580318182706833,1.7118029469650597,0.36443049653082005,-0.021741300245250672,0.003977462292267373,0.18291617949316633,0.05252029377800441,-0.017191502999368287,-0.03983026157760835,0.15979952539287773,-0.034383005998736574,0.5692671088110952,progress=0.6974;speed=0.1830;settled=False
3648.065263,control_sample,west_to_cell_center,2,1790843317.638,odom,base_footprint,1.7557872533798218,0.3357292413711548,-0.004549797245882384,-0.0005427763704038738,0.441107900719763,0.04580318182706833,1.7118781455513732,0.3678887412861514,-0.021741300245250672,0.0035426873688863066,0.1629216799654376,0.05442649341150863,-0.017191502999368287,-0.040183357809763356,0.13926255164017537,-0.034383005998736574,0.5692671088110952,progress=0.7009;speed=0.1630;settled=False
3648.085114,control_sample,west_to_cell_center,2,1790843317.638,odom,base_footprint,1.7557872533798218,0.3357292413711548,-0.004549797245882384,-0.0005427763704038738,0.441107900719763,0.04580318182706833,1.7119445190677642,0.37094113729789296,-0.021741300245250672,0.0031088210080860543,0.1429689635606906,0.05623222356187872,-0.017191502999368287,-0.04054257035845953,0.11836983738153278,-0.034383005998736574,0.5692671088110952,progress=0.7039;speed=0.1430;settled=False
3648.104641,control_sample,west_to_cell_center,2,1790843317.638,odom,base_footprint,1.7557872533798218,0.3357292413711548,-0.004549797245882384,-0.0005427763704038738,0.441107900719763,0.04580318182706833,1.7120022561540593,0.37359635976490624,-0.021741300245250672,0.0026747723608446673,0.12300786413759278,0.057888208104124414,-0.017191502999368287,-0.040908785167379204,0.0970698538820238,-0.034383005998736574,0.5692671088110952,progress=0.7066;speed=0.1230;settled=False
3648.125029,control_sample,west_to_cell_center,2,1790843317.728,odom,base_footprint,1.7547823190689087,0.36984172463417053,0.005175764340583703,-0.014688316466479926,0.3747372482526151,0.10687430202960968,1.7120514817182255,0.3758601529750216,-0.021741300245250672,0.0022392231385788266,0.10297775602746115,0.043152589034546926,-0.026917064585834375,-0.036822784599309356,0.05483560560898423,-0.05383412917166875,0.5898400729539127,progress=0.7089;speed=0.1030;settled=False
3648.145122,control_sample,west_to_cell_center,2,1790843317.728,odom,base_footprint,1.7547823190689087,0.36984172463417053,0.005175764340583703,-0.014688316466479926,0.3747372482526151,0.10687430202960968,1.712091954916037,0.37772144094497717,-0.021741300245250672,0.001803989749031588,0.08296217248349771,0.04341148604509629,-0.026917064585834375,-0.037419266047867064,0.03268098381552618,-0.05383412917166875,0.5898400729539127,progress=0.7107;speed=0.0830;settled=False
3648.165257,control_sample,west_to_cell_center,2,1790843317.728,odom,base_footprint,1.7547823190689087,0.36984172463417053,0.005175764340583703,-0.014688316466479926,0.3747372482526151,0.10687430202960968,1.7121237351865592,0.3791829571681396,-0.021741300245250672,0.0013684294178353887,0.0629315534940792,0.0436693645946575,-0.026917064585834375,-0.03802699513060581,0.010108600359973654,-0.05383412917166875,0.5898400729539127,progress=0.7122;speed=0.0629;settled=False
3648.184838,control_sample,west_to_cell_center,2,1790843317.728,odom,base_footprint,1.7547823190689087,0.36984172463417053,0.005175764340583703,-0.014688316466479926,0.3747372482526151,0.10687430202960968,1.7121466961143161,0.3802388880291406,-0.021741300245250672,0.0009350277407168943,0.043000207037679726,0.043885047013622815,-0.026917064585834375,-0.03864243572193583,-0.012750205341752335,-0.05383412917166875,0.5898400729539127,progress=0.7132;speed=0.0430;settled=False
3648.204805,control_sample,west_to_cell_center,2,1790843317.816,odom,base_footprint,1.7537572383880615,0.3964557945728302,0.015802130912051945,-0.015032300018473128,0.305766543215125,0.12214214354753494,1.7121610506053573,0.3808990246858623,-0.021741300245250672,0.0005001554239856956,0.023001228568805824,0.04441008812612361,-0.03754343115730262,-0.038760786532539844,-0.04850218226463054,-0.07508686231460523,0.6065610618119089,progress=0.7139;speed=0.0230;settled=False
3648.225313,control_sample,west_to_cell_center,2,1790843317.816,odom,base_footprint,1.7537572383880615,0.3964557945728302,0.015802130912051945,-0.015032300018473128,0.305766543215125,0.12214214354753494,1.7121667217174226,0.381159828705158,-0.021741300245250672,5.983455791575784e-05,0.0027516813313078394,0.04431407957698873,-0.03754343115730262,-0.039663281325881775,-0.07252957402861428,-0.07508686231460523,0.6065610618119089,progress=0.7142;speed=0.0028;settled=False
3648.245055,segment_enter,east_back_to_arc,3,1790843317.816,,,1.7537572383880615,0.3964557945728302,0.015802130912051945,,,,,,,,,,,,,,,
3648.245290,control_sample,east_back_to_arc,3,1790843317.816,odom,base_footprint,1.7537572383880615,0.3964557945728302,0.015802130912051945,-0.015032300018473128,0.305766543215125,0.12214214354753494,1.7121636568520753,0.38101888118165445,-0.021741300245250672,-0.00036991619461426386,-0.017011765814357906,0.04436580124417226,-0.03754343115730262,-0.040558959402456005,-0.09637548228095533,-0.07508686231460523,0.6065610618119089,progress=0.7143;speed=0.0170;settled=False
3648.265222,control_sample,east_back_to_arc,3,1790843317.816,odom,base_footprint,1.7537572383880615,0.3964557945728302,0.015802130912051945,-0.015032300018473128,0.305766543215125,0.12214214354753494,1.712151882739473,0.3804774113861196,-0.021741300245250672,-0.000805460547224461,-0.037041649977977854,0.04456808665297275,-0.03754343115730262,-0.041481678049893465,-0.12094129982746257,-0.07508686231460523,0.6065610618119089,progress=0.7148;speed=0.0371;settled=False
3648.285099,control_sample,east_back_to_arc,3,1790843317.816,odom,base_footprint,1.7537572383880615,0.3964557945728302,0.015802130912051945,-0.015032300018473128,0.305766543215125,0.12214214354753494,1.7121314798128449,0.3795391182949215,-0.021741300245250672,-0.0012393018640178516,-0.0569932146548849,0.04493192309765723,-0.03754343115730262,-0.042415766362979085,-0.1458098154202856,-0.07508686231460523,0.6065610618119089,progress=0.7158;speed=0.0570;settled=False
3648.304878,control_sample,east_back_to_arc,3,1790843317.918,odom,base_footprint,1.748309850692749,0.4119759202003479,-0.00911485193674862,-0.04959779831882709,0.1534413944906083,-0.24428415298461914,1.7121023633293975,0.37820010474278365,-0.021741300245250672,-0.0016738667177622073,-0.07697805346616902,0.04951553141177724,-0.012626448308502052,-0.026865859169804083,-0.1570891589326036,-0.025252896617004104,0.6131068834540492,progress=0.7171;speed=0.0770;settled=False
3648.325168,control_sample,east_back_to_arc,3,1790843317.918,odom,base_footprint,1.748309850692749,0.4119759202003479,-0.00911485193674862,-0.04959779831882709,0.1534413944906083,-0.24428415298461914,1.7120644568316723,0.3764568545917145,-0.021741300245250672,-0.0021094959199748054,-0.09701183970703377,0.05074773490368788,-0.012626448308502052,-0.027191485213108407,-0.1828769917907248,-0.025252896617004104,0.6131068834540492,progress=0.7189;speed=0.0970;settled=False
3648.345240,control_sample,east_back_to_arc,3,1790843317.918,odom,base_footprint,1.748309850692749,0.4119759202003479,-0.00911485193674862,-0.04959779831882709,0.1534413944906083,-0.24428415298461914,1.7120179402576272,0.3743176428576418,-0.021741300245250672,-0.0025441059920673554,-0.11699875802703148,0.052299604352720255,-0.012626448308502052,-0.027521401614393492,-0.20900459794641985,-0.025252896617004104,0.6131068834540492,progress=0.7210;speed=0.1170;settled=False
3648.365233,control_sample,east_back_to_arc,3,1790843317.918,odom,base_footprint,1.748309850692749,0.4119759202003479,-0.00911485193674862,-0.04959779831882709,0.1534413944906083,-0.24428415298461914,1.7119627663805623,0.3717802976714621,-0.021741300245250672,-0.002978487863701248,-0.13697518182741114,0.05419223752975956,-0.012626448308502052,-0.027856187038282337,-0.23551780452831797,-0.025252896617004104,0.6131068834540492,progress=0.7235;speed=0.1370;settled=False
3648.385155,control_sample,east_back_to_arc,3,1790843317.996,odom,base_footprint,1.7445838451385498,0.41777756810188293,-0.029359903921292323,-0.04625311311475375,0.0753320250025136,-0.2595519423484802,1.7118988603039886,0.36884137468130146,-0.021741300245250672,-0.0034132057424049607,-0.1569670579752873,0.05884776342506192,0.007618603676041652,-0.0201100533871058,-0.253062474997858,0.015237207352083304,0.6144348609209396,progress=0.7265;speed=0.1570;settled=False
3648.404777,control_sample,east_back_to_arc,3,1790843317.996,odom,base_footprint,1.7445838451385498,0.41777756810188293,-0.029359903921292323,-0.04625311311475375,0.0753320250025136,-0.2595519423484802,1.7118262971779337,0.36550432989878234,-0.021741300245250672,-0.00384772118207545,-0.1769496243241467,0.06168912692387664,0.007618603676041652,-0.019901895480022296,-0.28038426367996533,0.015237207352083304,0.6144348609209396,progress=0.7298;speed=0.1770;settled=False
3648.425138,control_sample,east_back_to_arc,3,1790843317.996,odom,base_footprint,1.7445838451385498,0.41777756810188293,-0.029359903921292323,-0.04625311311475375,0.0753320250025136,-0.2595519423484802,1.7117448933008683,0.36176071522828307,-0.021741300245250672,-0.004283028334034088,-0.19696860006582115,0.06493292357240738,0.007618603676041652,-0.0196903064339094,-0.30815640688773976,0.015237207352083304,0.6144348609209396,progress=0.7336;speed=0.1970;settled=False
3648.445219,control_sample,east_back_to_arc,3,1790843317.996,odom,base_footprint,1.7445838451385498,0.41777756810188293,-0.029359903921292323,-0.04625311311475375,0.0753320250025136,-0.2595519423484802,1.7116548483048288,0.3576197113801645,-0.021741300245250672,-0.004717988326523718,-0.21697161058166067,0.06858051150163585,0.007618603676041652,-0.019475835143127913,-0.33630685943222266,0.015237207352083304,0.6144348609209396,progress=0.7377;speed=0.2170;settled=False
3648.465440,control_sample,east_back_to_arc,3,1790843317.996,odom,base_footprint,1.7445838451385498,0.41777756810188293,-0.029359903921292323,-0.04625311311475375,0.0753320250025136,-0.2595519423484802,1.7115555066386237,0.35305117076015424,-0.021741300245250672,-0.005155454154309305,-0.2370898598565619,0.07266620711792413,0.007618603676041652,-0.019257052091695613,-0.36502325258878193,0.015237207352083304,0.6144348609209396,progress=0.7423;speed=0.2371;settled=False
3648.485209,control_sample,east_back_to_arc,3,1790843318.094,odom,base_footprint,1.7411829233169556,0.4126278758049011,-0.04282606534358794,-0.03540829471104576,-0.05207585071707736,-0.13740983605384827,1.7114487922221127,0.34814357090610004,-0.021741300245250672,-0.005587357365140804,-0.256952294602887,0.07100946507506478,0.021084765098337267,-0.013814452100438605,-0.3633364677547121,0.042169530196674535,0.60840958775059,progress=0.7472;speed=0.2570;settled=False
3648.505190,control_sample,east_back_to_arc,3,1790843318.094,odom,base_footprint,1.7411829233169556,0.4126278758049011,-0.04282606534358794,-0.03540829471104576,-0.05207585071707736,-0.13740983605384827,1.7113309576388045,0.34272457502202114,-0.021741300245250672,-0.006028425399090554,-0.2772362027177416,0.07601060001862436,0.021084765098337267,-0.013186874294025201,-0.3930965718173478,0.042169530196674535,0.60840958775059,progress=0.7526;speed=0.2773;settled=False
3648.525227,control_sample,east_back_to_arc,3,1790843318.094,odom,base_footprint,1.7411829233169556,0.4126278758049011,-0.04282606534358794,-0.03540829471104576,-0.05207585071707736,-0.13740983605384827,1.7112076626926975,0.3370544670900018,-0.021741300245250672,-0.006457760860283213,-0.296980551378186,0.08130102308262432,0.021084765098337267,-0.012567654986473036,-0.42246031100955966,0.042169530196674535,0.60840958775059,progress=0.7583;speed=0.2971;settled=False
3648.545206,control_sample,east_back_to_arc,3,1790843318.094,odom,base_footprint,1.7411829233169556,0.4126278758049011,-0.04282606534358794,-0.03540829471104576,-0.05207585071707736,-0.13740983605384827,1.7110742981008005,0.3309212746580051,-0.021741300245250672,-0.006892115622661386,-0.31695572847372716,0.08707754006277878,0.021084765098337267,-0.011932828762768213,-0.45256413922985655,0.042169530196674535,0.60840958775059,progress=0.7644;speed=0.3170;settled=False
3648.565476,control_sample,east_back_to_arc,3,1790843318.094,odom,base_footprint,1.7411829233169556,0.4126278758049011,-0.04282606534358794,-0.03540829471104576,-0.05207585071707736,-0.13740983605384827,1.7109318399039837,0.32436988405151285,-0.021741300245250672,-0.007327702410932576,-0.3369875641753914,0.0932984520557535,0.021084765098337267,-0.011287749705166938,-0.4831541627881264,0.042169530196674535,0.60840958775059,progress=0.7710;speed=0.3371;settled=False
3648.585296,control_sample,east_back_to_arc,3,1790843318.198,odom,base_footprint,1.7376443147659302,0.3981817662715912,-0.05711669441961219,-0.036006506972111774,-0.1384046098920617,-0.13740985095500946,1.7107810236736891,0.3174341228490455,-0.021741300245250672,-0.007762254047009116,-0.3569717951304292,0.08509887382686722,0.035375394174361516,-0.0014465360648354617,-0.4823019490628373,0.07075078834872303,0.5958811442836607,progress=0.7779;speed=0.3571;settled=False
3648.604894,control_sample,east_back_to_arc,3,1790843318.198,odom,base_footprint,1.7376443147659302,0.3981817662715912,-0.05711669441961219,-0.036006506972111774,-0.1384046098920617,-0.13740985095500946,1.7106218755542826,0.31011519338188126,-0.021741300245250672,-0.008195865837243035,-0.37691280430277946,0.09211912657795764,0.035375394174361516,-0.00034109006701656813,-0.513537921408514,0.07075078834872303,0.5958811442836607,progress=0.7852;speed=0.3770;settled=False
3648.625186,control_sample,east_back_to_arc,3,1790843318.198,odom,base_footprint,1.7376443147659302,0.3981817662715912,-0.05711669441961219,-0.036006506972111774,-0.1384046098920617,-0.13740985095500946,1.7104534344313542,0.30236889576505416,-0.021741300245250672,-0.008631100618119046,-0.3969284518313955,0.0995964363221479,0.035375394174361516,0.0007826431891360744,-0.5452906266355098,0.07075078834872303,0.5958811442836607,progress=0.7930;speed=0.3970;settled=False
3648.645218,control_sample,east_back_to_arc,3,1790843318.198,odom,base_footprint,1.7376443147659302,0.3981817662715912,-0.05711669441961219,-0.036006506972111774,-0.1384046098920617,-0.13740985095500946,1.7102762875673974,0.29422223712114526,-0.021741300245250672,-0.009066316637731739,-0.41694323656399845,0.10750159354131476,0.035375394174361516,0.0019205031408002157,-0.5774425020356464,0.07075078834872303,0.5958811442836607,progress=0.8011;speed=0.4170;settled=False
3648.665326,control_sample,east_back_to_arc,3,1790843318.269,odom,base_footprint,1.7352558374404907,0.3821369409561157,-0.06151381290772949,-0.03415260527557084,-0.22269666592652496,-0.06107104942202568,1.710090446445823,0.28567574555107045,-0.021741300245250672,-0.009501490199934194,-0.4369560687583493,0.09968981453932406,0.03977251266247882,0.005745745771511115,-0.577007263743517,0.07954502532495764,0.58323581648324,progress=0.8097;speed=0.4371;settled=False
3648.685164,control_sample,east_back_to_arc,3,1790843318.269,odom,base_footprint,1.7352558374404907,0.3821369409561157,-0.06151381290772949,-0.03415260527557084,-0.22269666592652496,-0.06107104942202568,1.7098963078744007,0.27674766951478147,-0.021741300245250672,-0.009935758699622066,-0.45692727879133055,0.10839743666133726,0.03977251266247882,0.007053968324554901,-0.6098825483962789,0.07954502532495764,0.58323581648324,progress=0.8186;speed=0.4570;settled=False
3648.704821,control_sample,east_back_to_arc,3,1790843318.269,odom,base_footprint,1.7352558374404907,0.3821369409561157,-0.06151381290772949,-0.03415260527557084,-0.22269666592652496,-0.06107104942202568,1.709693664285001,0.2674284633355401,-0.021741300245250672,-0.010369671017908672,-0.47688210869639636,0.11752216614095122,0.03977251266247882,0.008376964928279804,-0.6431291010114262,0.07954502532495764,0.58323581648324,progress=0.8279;speed=0.4770;settled=False
3648.725419,emergency_zero,,,,,,,,,,,,,,,,,,,0.0,0.0,0.0,,
3648.746019,emergency_zero,,,,,,,,,,,,,,,,,,,0.0,0.0,0.0,,
3648.766695,emergency_zero,,,,,,,,,,,,,,,,,,,0.0,0.0,0.0,,
3648.787241,emergency_zero,,,,,,,,,,,,,,,,,,,0.0,0.0,0.0,,
3648.807839,emergency_zero,,,,,,,,,,,,,,,,,,,0.0,0.0,0.0,,
3648.828489,emergency_zero,,,,,,,,,,,,,,,,,,,0.0,0.0,0.0,,
3648.849134,emergency_zero,,,,,,,,,,,,,,,,,,,0.0,0.0,0.0,,
3648.869809,emergency_zero,,,,,,,,,,,,,,,,,,,0.0,0.0,0.0,,
3648.890375,emergency_zero,,,,,,,,,,,,,,,,,,,0.0,0.0,0.0,,
3648.911042,emergency_zero,,,,,,,,,,,,,,,,,,,0.0,0.0,0.0,,
3648.931662,emergency_zero,,,,,,,,,,,,,,,,,,,0.0,0.0,0.0,,
3648.952342,emergency_zero,,,,,,,,,,,,,,,,,,,0.0,0.0,0.0,,
3648.973010,emergency_zero,,,,,,,,,,,,,,,,,,,0.0,0.0,0.0,,
3648.993625,emergency_zero,,,,,,,,,,,,,,,,,,,0.0,0.0,0.0,,
3649.014280,emergency_zero,,,,,,,,,,,,,,,,,,,0.0,0.0,0.0,,
3649.034958,emergency_zero,,,,,,,,,,,,,,,,,,,0.0,0.0,0.0,,
3649.055448,emergency_zero,,,,,,,,,,,,,,,,,,,0.0,0.0,0.0,,
3649.076052,emergency_zero,,,,,,,,,,,,,,,,,,,0.0,0.0,0.0,,
3649.096743,emergency_zero,,,,,,,,,,,,,,,,,,,0.0,0.0,0.0,,
3649.117362,emergency_zero,,,,,,,,,,,,,,,,,,,0.0,0.0,0.0,,
3649.137970,emergency_zero,,,,,,,,,,,,,,,,,,,0.0,0.0,0.0,,
3649.158772,emergency_zero,,,,,,,,,,,,,,,,,,,0.0,0.0,0.0,,
3649.179429,emergency_zero,,,,,,,,,,,,,,,,,,,0.0,0.0,0.0,,
3649.200218,emergency_zero,,,,,,,,,,,,,,,,,,,0.0,0.0,0.0,,
3649.220976,emergency_zero,,,,,,,,,,,,,,,,,,,0.0,0.0,0.0,,
3649.225243,trial_stop,,,1790843318.269,,,1.7352558374404907,0.3821369409561157,-0.06151381290772949,,,,,,,,,,,,,,,tracking_error_envelope
