received_monotonic_s,record_type,source_stamp_s,frame_id,child_frame_id,reason,pose_x_m,pose_y_m,pose_yaw_rad,world_vx_mps,world_vy_mps,odom_wz_radps,imu_frame_id,imu_wz_radps,imu_ax_mps2,imu_ay_mps2,cmd_vx_mps,cmd_vy_mps,cmd_wz_radps,command_integral_m,odom_forward_path_m,odom_displacement_m,odom_lateral_path_m,warning,ref_x_m,ref_y_m,ref_yaw_rad,pos_err_m,yaw_err_rad,settled
444.038216,odom_raw,1790840113.456,odom,base_footprint,,0.0,0.0,0.0,0.0,0.0,0.0,,,,,,,,,,,,,,,,,,
444.039288,imu_data_raw,1790840113.49,,,,,,,,,,imu_frame,0.00549276964738965,-0.04967968538403511,0.002992752008140087,,,,,,,,,,,,,,
444.045036,odom_raw,1790840113.546,odom,base_footprint,,0.0,0.0,0.0,0.0,0.0,0.0,,,,,,,,,,,,,,,,,,
444.045793,imu_data_raw,1790840113.498,,,,,,,,,,imu_frame,0.00549276964738965,-0.04967968538403511,0.002992752008140087,,,,,,,,,,,,,,
444.046965,imu_data_raw,1790840113.538,,,,,,,,,,imu_frame,-0.010486196726560593,0.03172317147254944,-0.04010287672281265,,,,,,,,,,,,,,
444.061500,imu_data_raw,1790840113.597,,,,,,,,,,imu_frame,-0.00196408131159842,0.012569558806717396,0.07960720360279083,,,,,,,,,,,,,,
444.092486,imu_data_raw,1790840113.628,,,,,,,,,,imu_frame,-0.0008988168556243181,0.0077811554074287415,-0.06883329898118973,,,,,,,,,,,,,,
444.103126,odom_raw,1790840113.636,odom,base_footprint,,0.0,0.0,0.0,0.0,0.0,0.0,,,,,,,,,,,,,,,,,,
444.122431,imu_data_raw,1790840113.658,,,,,,,,,,imu_frame,0.002296976512297988,0.060453593730926514,0.10833762586116791,,,,,,,,,,,,,,
444.162673,imu_data_raw,1790840113.698,,,,,,,,,,imu_frame,0.004427505191415548,-0.1215057373046875,-0.0017956512747332454,,,,,,,,,,,,,,
444.203341,odom_raw,1790840113.736,odom,base_footprint,,0.0,0.0,0.0,0.0,0.0,0.0,,,,,,,,,,,,,,,,,,
444.237350,imu_data_raw,1790840113.773,,,,,,,,,,imu_frame,0.00549276964738965,0.06524199992418289,0.07960720360279083,,,,,,,,,,,,,,
444.247031,imu_data_raw,1790840113.78,,,,,,,,,,imu_frame,0.006558034103363752,0.002992752008140087,0.060453593730926514,,,,,,,,,,,,,,
444.283973,odom_raw,1790840113.816,odom,base_footprint,,0.0,0.0,0.0,0.0,0.0,0.0,,,,,,,,,,,,,,,,,,
444.290936,imu_data_raw,1790840113.827,,,,,,,,,,imu_frame,-0.0008988168556243181,-0.05446808785200119,0.02214636653661728,,,,,,,,,,,,,,
444.341493,imu_data_raw,1790840113.877,,,,,,,,,,imu_frame,0.004427505191415548,-0.030526071786880493,0.01735796220600605,,,,,,,,,,,,,,
444.375787,odom_raw,1790840113.908,odom,base_footprint,,0.0,0.0,0.0,0.0,0.0,0.0,,,,,,,,,,,,,,,,,,
444.380297,imu_data_raw,1790840113.916,,,,,,,,,,imu_frame,0.00549276964738965,-0.1693897694349289,-0.011372458189725876,,,,,,,,,,,,,,
444.402496,imu_data_raw,1790840113.938,,,,,,,,,,imu_frame,0.00016644757124595344,0.03651157766580582,0.0077811554074287415,,,,,,,,,,,,,,
444.442745,imu_data_raw,1790840113.978,,,,,,,,,,imu_frame,0.002296976512297988,0.041299980133771896,0.012569558806717396,,,,,,,,,,,,,,
444.483436,odom_raw,1790840114.016,odom,base_footprint,,0.0,0.0,0.0,0.0,0.0,0.0,,,,,,,,,,,,,,,,,,
444.514732,imu_data_raw,1790840114.05,,,,,,,,,,imu_frame,0.00549276964738965,0.07003039866685867,0.07960720360279083,,,,,,,,,,,,,,
444.522102,imu_data_raw,1790840114.058,,,,,,,,,,imu_frame,0.00549276964738965,0.07003039866685867,0.07960720360279083,,,,,,,,,,,,,,
444.553591,odom_raw,1790840114.086,odom,base_footprint,,0.0,0.0,0.0,0.0,0.0,0.0,,,,,,,,,,,,,,,,,,
444.562746,imu_data_raw,1790840114.098,,,,,,,,,,imu_frame,0.00336224096827209,-0.011372458189725876,-0.020949264988303185,,,,,,,,,,,,,,
444.620059,imu_data_raw,1790840114.156,,,,,,,,,,imu_frame,-0.011551461182534695,0.041299980133771896,-0.011372458189725876,,,,,,,,,,,,,,
444.654611,odom_raw,1790840114.187,odom,base_footprint,,0.0,0.0,0.0,0.0,0.0,0.0,,,,,,,,,,,,,,,,,,
444.659412,imu_data_raw,1790840114.195,,,,,,,,,,imu_frame,0.008688563480973244,0.03172317147254944,0.07003039866685867,,,,,,,,,,,,,,
444.682596,imu_data_raw,1790840114.218,,,,,,,,,,imu_frame,0.007623298559337854,0.08918401598930359,0.012569558806717396,,,,,,,,,,,,,,
444.722867,imu_data_raw,1790840114.258,,,,,,,,,,imu_frame,0.008688563480973244,-0.04489128291606903,-0.025737667456269264,,,,,,,,,,,,,,
444.733408,odom_raw,1790840114.266,odom,base_footprint,,0.0,0.0,0.0,0.0,0.0,0.0,,,,,,,,,,,,,,,,,,
444.765021,imu_data_raw,1790840114.3,,,,,,,,,,imu_frame,0.00336224096827209,-0.016160860657691956,0.07481880486011505,,,,,,,,,,,,,,
444.803086,imu_data_raw,1790840114.338,,,,,,,,,,imu_frame,-0.004094610456377268,-0.0065840547904372215,0.08439560979604721,,,,,,,,,,,,,,
444.823058,odom_raw,1790840114.356,odom,base_footprint,,0.0,0.0,0.0,0.0,0.0,0.0,,,,,,,,,,,,,,,,,,
444.842745,imu_data_raw,1790840114.378,,,,,,,,,,imu_frame,0.00336224096827209,-0.025737667456269264,0.08439560979604721,,,,,,,,,,,,,,
444.901360,imu_data_raw,1790840114.437,,,,,,,,,,imu_frame,-0.006225139368325472,-0.13587094843387604,-0.016160860657691956,,,,,,,,,,,,,,
444.935541,odom_raw,1790840114.468,odom,base_footprint,,0.0,0.0,0.0,0.0,0.0,0.0,,,,,,,,,,,,,,,,,,
444.939906,imu_data_raw,1790840114.476,,,,,,,,,,imu_frame,0.004427505191415548,-0.0017956512747332454,0.03172317147254944,,,,,,,,,,,,,,
444.962912,imu_data_raw,1790840114.498,,,,,,,,,,imu_frame,-0.004094610456377268,0.02693476900458336,0.002992752008140087,,,,,,,,,,,,,,
445.003495,odom_raw,1790840114.536,odom,base_footprint,,0.0,0.0,0.0,0.0,0.0,0.0,,,,,,,,,,,,,,,,,,
445.010094,imu_data_raw,1790840114.546,,,,,,,,,,imu_frame,-0.00515987491235137,-0.04010287672281265,-0.11671733111143112,,,,,,,,,,,,,,
445.044242,imu_data_raw,1790840114.579,,,,,,,,,,imu_frame,0.001231712056323886,-0.04010287672281265,-0.06404489278793335,,,,,,,,,,,,,,
445.045796,ground_trial_start,1790840114.536,odom,base_footprint,axis=x;distance=0.4000;speed=0.150;a_dec=0.200;kp_pos=1.000;kd_vel=0.000,0.0,0.0,0.0,,,,,,,,,,,,,,,,0.4,0.0,0.0,,,
445.046588,ground_trial_sample,1790840114.536,odom,base_footprint,progress=0.0000;cross_track=0.0000;one_shot=true,0.0,0.0,0.0,0.0,0.0,0.0,,,,,,,,0.0,0.0,,0.0,,1.2787776002101176e-10,0.0,0.0,0.4,0.0,False
445.047565,cmd_vel_sent,,,,,,,,,,,,,,,7.152127878347599e-06,0.0,0.0,,,,,,,,,,,
445.048377,cmd_vel_observed,,,,,,,,,,,,,,,7.152127878347599e-06,0.0,0.0,,,,,,,,,,,
445.066988,ground_trial_sample,1790840114.536,odom,base_footprint,progress=0.0000;cross_track=0.0000;one_shot=true,0.0,0.0,0.0,0.0,0.0,0.0,,,,,,,,1.4429088281457822e-07,0.0,,0.0,,4.084561856687699e-05,0.0,0.0,0.4,0.0,False
445.067772,cmd_vel_sent,,,,,,,,,,,,,,,0.004082905418563754,0.0,0.0,,,,,,,,,,,
445.087150,ground_trial_sample,1790840114.536,odom,base_footprint,progress=0.0000;cross_track=0.0000;one_shot=true,0.0,0.0,0.0,0.0,0.0,0.0,,,,,,,,8.183141646277462e-05,0.0,,0.0,,0.0001617439745365122,0.0,0.0,0.4,0.0,False
445.088305,cmd_vel_sent,,,,,,,,,,,,,,,0.008205225174527278,0.0,0.0,,,,,,,,,,,
445.089504,cmd_vel_observed,,,,,,,,,,,,,,,0.004082905418563754,0.0,0.0,,,,,,,,,,,
445.106934,ground_trial_sample,1790840114.536,odom,base_footprint,progress=0.0000;cross_track=0.0000;one_shot=true,0.0,0.0,0.0,0.0,0.0,0.0,,,,,,,,0.0002453871791096836,0.0,,0.0,,0.0003618086138979568,0.0,0.0,0.4,0.0,False
445.107844,cmd_vel_sent,,,,,,,,,,,,,,,0.012391914413897503,0.0,0.0,,,,,,,,,,,
445.108699,imu_data_raw,1790840114.618,,,,,,,,,,imu_frame,0.00549276964738965,0.07003039866685867,-0.016160860657691956,,,,,,,,,,,,,,
445.126732,ground_trial_sample,1790840114.536,odom,base_footprint,progress=0.0000;cross_track=0.0000;one_shot=true,0.0,0.0,0.0,0.0,0.0,0.0,,,,,,,,0.0004930100587391586,0.0,,0.0,,0.000642132108785413,0.0,0.0,0.4,0.0,False
445.127866,cmd_vel_sent,,,,,,,,,,,,,,,0.016668761308781435,0.0,0.0,,,,,,,,,,,
445.146934,ground_trial_sample,1790840114.536,odom,base_footprint,progress=0.0000;cross_track=0.0000;one_shot=true,0.0,0.0,0.0,0.0,0.0,0.0,,,,,,,,0.0008273079341905136,0.0,,0.0,,0.0010037735131489167,0.0,0.0,0.4,0.0,False
445.147885,cmd_vel_sent,,,,,,,,,,,,,,,0.02104147311314209,0.0,0.0,,,,,,,,,,,
445.149112,cmd_vel_observed,,,,,,,,,,,,,,,0.008205225174527278,0.0,0.0,,,,,,,,,,,
445.167147,ground_trial_sample,1790840114.536,odom,base_footprint,progress=0.0000;cross_track=0.0000;one_shot=true,0.0,0.0,0.0,0.0,0.0,0.0,,,,,,,,0.001247975040447052,0.0,,0.0,,0.0014443420362126038,0.0,0.0,0.4,0.0,False
445.168413,cmd_vel_sent,,,,,,,,,,,,,,,0.02548049843620804,0.0,0.0,,,,,,,,,,,
445.169672,odom_raw,1790840114.626,odom,base_footprint,,0.0,0.0,0.0,0.0,0.0,0.0,,,,,,,,,,,,,,,,,,
445.187017,ground_trial_sample,1790840114.626,odom,base_footprint,progress=0.0000;cross_track=0.0000;one_shot=true,0.0,0.0,0.0,0.0,0.0,0.0,,,,,,,,0.0017578884564272011,0.0,,0.0,,0.001965399060981631,0.0,0.0,0.4,0.0,False
445.187965,cmd_vel_sent,,,,,,,,,,,,,,,0.030003937260977942,0.0,0.0,,,,,,,,,,,
445.188834,imu_data_raw,1790840114.658,,,,,,,,,,imu_frame,0.008688563480973244,0.07960720360279083,0.002992752008140087,,,,,,,,,,,,,,
445.206806,ground_trial_sample,1790840114.626,odom,base_footprint,progress=0.0000;cross_track=0.0000;one_shot=true,0.0,0.0,0.0,0.0,0.0,0.0,,,,,,,,0.00235647933640267,0.0,,0.0,,0.0025645813118184446,0.0,0.0,0.4,0.0,False
445.207704,cmd_vel_sent,,,,,,,,,,,,,,,0.03459320171181972,0.0,0.0,,,,,,,,,,,
445.226880,ground_trial_sample,1790840114.626,odom,base_footprint,progress=0.0000;cross_track=0.0000;one_shot=true,0.0,0.0,0.0,0.0,0.0,0.0,,,,,,,,0.003049362209614504,0.0,,0.0,,0.003246214921487087,0.0,0.0,0.4,0.0,False
445.228136,cmd_vel_sent,,,,,,,,,,,,,,,0.0392807257214804,0.0,0.0,,,,,,,,,,,
445.229346,cmd_vel_observed,,,,,,,,,,,,,,,0.012391914413897503,0.0,0.0,,,,,,,,,,,
445.247470,ground_trial_sample,1790840114.626,odom,base_footprint,progress=0.0000;cross_track=0.0000;one_shot=true,0.0,0.0,0.0,0.0,0.0,0.0,,,,,,,,0.003835678434928808,0.0,,0.0,,0.0040076203459005495,0.0,0.0,0.4,0.0,False
445.248570,cmd_vel_sent,,,,,,,,,,,,,,,0.044045703945895937,0.0,0.0,,,,,,,,,,,
445.249807,odom_raw,1790840114.718,odom,base_footprint,,0.0002345738757867366,-0.0002345738757867366,-0.0014046340823277333,0.0025461321064684708,-0.002553294940209328,-0.015267761424183846,,,,,,,,,,,,,,,,,,
445.267132,ground_trial_sample,1790840114.718,odom,base_footprint,progress=0.0002;cross_track=0.0002;one_shot=true,0.0002345738757867366,-0.0002345738757867366,-0.0014046340823277333,0.0025461321064684708,-0.002553294940209328,-0.015267761424183846,,,,,,,,0.004717372298989259,0.0002345738757867366,,0.0002345738757867366,,0.004849161699475547,0.0,0.0,0.3997654949456957,0.0014046340823277333,False
445.268228,cmd_vel_sent,,,,,,,,,,,,,,,0.04865583473406104,0.0003029177959125614,0.0028092681646554665,,,,,,,,,,,
445.269114,imu_data_raw,1790840114.729,,,,,,,,,,imu_frame,-0.01794304884970188,-0.03531447425484657,-0.020949264988303185,,,,,,,,,,,,,,
445.286716,ground_trial_sample,1790840114.718,odom,base_footprint,progress=0.0002;cross_track=0.0002;one_shot=true,0.0002345738757867366,-0.0002345738757867366,-0.0014046340823277333,0.0025461321064684708,-0.002553294940209328,-0.015267761424183846,,,,,,,,0.005687795869497406,0.0002345738757867366,,0.0002345738757867366,,0.005767316802118227,0.0,0.0,0.3997654949456957,0.0014046340823277333,False
445.287540,cmd_vel_sent,,,,,,,,,,,,,,,0.05356283759595172,0.00030981034390744526,0.0028092681646554665,,,,,,,,,,,
445.306748,ground_trial_sample,1790840114.718,odom,base_footprint,progress=0.0002;cross_track=0.0002;one_shot=true,0.0002345738757867366,-0.0002345738757867366,-0.0014046340823277333,0.0025461321064684708,-0.002553294940209328,-0.015267761424183846,,,,,,,,0.006758679579171612,0.0002345738757867366,,0.0002345738757867366,,0.006767546576992965,0.0,0.0,0.3997654949456957,0.0014046340823277333,False
445.307640,cmd_vel_sent,,,,,,,,,,,,,,,0.05856160263954408,0.00031683178427498426,0.0028092681646554665,,,,,,,,,,,
445.308760,cmd_vel_observed,,,,,,,,,,,,,,,0.016668761308781435,0.0,0.0,,,,,,,,,,,
445.326787,ground_trial_sample,1790840114.718,odom,base_footprint,progress=0.0002;cross_track=0.0002;one_shot=true,0.0002345738757867366,-0.0002345738757867366,-0.0014046340823277333,0.0025461321064684708,-0.002553294940209328,-0.015267761424183846,,,,,,,,0.007930541804996423,0.0002345738757867366,,0.0002345738757867366,,0.007848713443703312,0.0,0.0,0.3997654949456957,0.0014046340823277333,False
445.328062,cmd_vel_sent,,,,,,,,,,,,,,,0.06364485809162858,0.0003239719028279716,0.0028092681646554665,,,,,,,,,,,
445.329267,odom_raw,1790840114.806,odom,base_footprint,,0.0002345738757867366,-0.0002345738757867366,-0.0014046340823277333,0.0,0.0,0.0,,,,,,,,,,,,,,,,,,
445.346834,ground_trial_sample,1790840114.806,odom,base_footprint,progress=0.0002;cross_track=0.0002;one_shot=true,0.0002345738757867366,-0.0002345738757867366,-0.0014046340823277333,0.0,0.0,0.0,,,,,,,,0.009202662878204261,0.0002345738757867366,,0.0002345738757867366,,0.009008588107789818,0.0,0.0,0.3997654949456957,0.0014046340823277333,False
445.347795,cmd_vel_sent,,,,,,,,,,,,,,,0.06880223706797009,0.00033121613787790653,0.0028092681646554665,,,,,,,,,,,
445.348555,imu_data_raw,1790840114.764,,,,,,,,,,imu_frame,-0.181993767619133,0.33339259028434753,-0.3944447338581085,,,,,,,,,,,,,,
445.367185,ground_trial_sample,1790840114.806,odom,base_footprint,progress=0.0002;cross_track=0.0002;one_shot=true,0.0002345738757867366,-0.0002345738757867366,-0.0014046340823277333,0.0,0.0,0.0,,,,,,,,0.010582382165668865,0.0002345738757867366,,0.0002345738757867366,,0.010252565516426185,0.0,0.0,0.3997654949456957,0.0014046340823277333,False
445.368249,cmd_vel_sent,,,,,,,,,,,,,,,0.07405684429293767,0.0003385969431294441,0.0028092681646554665,,,,,,,,,,,
445.386741,ground_trial_sample,1790840114.806,odom,base_footprint,progress=0.0002;cross_track=0.0002;one_shot=true,0.0002345738757867366,-0.0002345738757867366,-0.0014046340823277333,0.0,0.0,0.0,,,,,,,,0.012060495059742103,0.0002345738757867366,,0.0002345738757867366,,0.011570558321760021,0.0,0.0,0.3997654949456957,0.0014046340823277333,False
445.387669,cmd_vel_sent,,,,,,,,,,,,,,,0.07936662346018185,0.00034605524482245843,0.0028092681646554665,,,,,,,,,,,
445.388850,cmd_vel_observed,,,,,,,,,,,,,,,0.03459320171181972,0.0,0.0,,,,,,,,,,,
445.406785,ground_trial_sample,1790840114.806,odom,base_footprint,progress=0.0002;cross_track=0.0002;one_shot=true,0.0002345738757867366,-0.0002345738757867366,-0.0014046340823277333,0.0,0.0,0.0,,,,,,,,0.013646098995688315,0.0002345738757867366,,0.0002345738757867366,,0.01296959685595615,0.0,0.0,0.3997654949456957,0.0014046340823277333,False
445.407653,cmd_vel_sent,,,,,,,,,,,,,,,0.08476126287256892,0.0003536327441864273,0.0028092681646554665,,,,,,,,,,,
445.408799,odom_raw,1790840114.896,odom,base_footprint,,0.0009233187884092331,-6.066635251045227e-06,-3.05355060821887e-05,0.00764922573636109,0.002549482466839043,0.015267761424183846,,,,,,,,,,,,,,,,,,
445.426794,ground_trial_sample,1790840114.896,odom,base_footprint,progress=0.0009;cross_track=0.0000;one_shot=true,0.0009233187884092331,-6.066635251045227e-06,-3.05355060821887e-05,0.00764922573636109,0.002549482466839043,0.015267761424183846,,,,,,,,0.015342005151559176,0.0009233187884092331,,6.066635251045227e-06,,0.014450727415596559,0.0,0.0,0.3990766812577023,3.05355060821887e-05,False
445.428138,cmd_vel_sent,,,,,,,,,,,,,,,0.08955563320018327,8.801261837001939e-06,6.10710121643774e-05,,,,,,,,,,,
445.428939,imu_data_raw,1790840114.778,,,,,,,,,,imu_frame,-0.12446949630975723,0.3190273642539978,-0.03531447425484657,,,,,,,,,,,,,,
445.446765,ground_trial_sample,1790840114.896,odom,base_footprint,progress=0.0009;cross_track=0.0000;one_shot=true,0.0009233187884092331,-6.066635251045227e-06,-3.05355060821887e-05,0.00764922573636109,0.002549482466839043,0.015267761424183846,,,,,,,,0.017134681823796186,0.0009233187884092331,,6.066635251045227e-06,,0.016012689555011683,0.0,0.0,0.3990766812577023,3.05355060821887e-05,False
445.447708,cmd_vel_sent,,,,,,,,,,,,,,,0.0951210881369992,8.971205820128049e-06,6.10710121643774e-05,,,,,,,,,,,
445.467122,ground_trial_sample,1790840114.896,odom,base_footprint,progress=0.0009;cross_track=0.0000;one_shot=true,0.0009233187884092331,-6.066635251045227e-06,-3.05355060821887e-05,0.00764922573636109,0.002549482466839043,0.015267761424183846,,,,,,,,0.019045677334317654,0.0009233187884092331,,6.066635251045227e-06,,0.0176608989183119,0.0,0.0,0.3990766812577023,3.05355060821887e-05,False
445.468183,cmd_vel_sent,,,,,,,,,,,,,,,0.10078732449766419,9.14422721503603e-06,6.10710121643774e-05,,,,,,,,,,,
445.469414,cmd_vel_observed,,,,,,,,,,,,,,,0.05356283759595172,0.00030981034390744526,0.0028092681646554665,,,,,,,,,,,
445.486724,ground_trial_sample,1790840114.896,odom,base_footprint,progress=0.0009;cross_track=0.0000;one_shot=true,0.0009233187884092331,-6.066635251045227e-06,-3.05355060821887e-05,0.00764922573636109,0.002549482466839043,0.015267761424183846,,,,,,,,0.021051032760154284,0.0009233187884092331,,6.066635251045227e-06,,0.019372817032632078,0.0,0.0,0.3990766812577023,3.05355060821887e-05,False
445.487659,cmd_vel_sent,,,,,,,,,,,,,,,0.10647862280932734,9.318013889301382e-06,6.10710121643774e-05,,,,,,,,,,,
445.488502,odom_raw,1790840114.998,odom,base_footprint,,0.0035240291617810726,-6.146049145172583e-06,-3.0535789844535586e-05,0.0254971608400682,-7.785759452866352e-07,-2.7883910735937434e-09,,,,,,,,,,,,,,,,,,
445.506901,ground_trial_sample,1790840114.998,odom,base_footprint,progress=0.0035;cross_track=0.0000;one_shot=true,0.0035240291617810726,-6.146049145172583e-06,-3.0535789844535586e-05,0.0254971608400682,-7.785759452866352e-07,-2.7883910735937434e-09,,,,,,,,0.023182185154307304,0.0035240291617810726,,6.146049145172583e-06,,0.021174765078803153,0.0,0.0,0.396475970885856,3.0535789844535586e-05,False
445.507855,cmd_vel_sent,,,,,,,,,,,,,,,0.10968282807820685,9.495300936829414e-06,6.107157968907117e-05,,,,,,,,,,,
445.508670,imu_data_raw,1790840114.819,,,,,,,,,,imu_frame,-0.19371168315410614,-0.19812019169330597,-0.0736217051744461,,,,,,,,,,,,,,
445.526672,ground_trial_sample,1790840114.998,odom,base_footprint,progress=0.0035;cross_track=0.0000;one_shot=true,0.0035240291617810726,-6.146049145172583e-06,-3.0535789844535586e-05,0.0254971608400682,-7.785759452866352e-07,-2.7883910735937434e-09,,,,,,,,0.025373575238124307,0.0035240291617810726,,6.146049145172583e-06,,0.02305342256234635,0.0,0.0,0.396475970885856,3.0535789844535586e-05,False
445.527873,cmd_vel_sent,,,,,,,,,,,,,,,0.1155573527590124,9.674684187974784e-06,6.107157968907117e-05,,,,,,,,,,,
445.546714,ground_trial_sample,1790840114.998,odom,base_footprint,progress=0.0035;cross_track=0.0000;one_shot=true,0.0035240291617810726,-6.146049145172583e-06,-3.0535789844535586e-05,0.0254971608400682,-7.785759452866352e-07,-2.7883910735937434e-09,,,,,,,,0.027684050913179863,0.0035240291617810726,,6.146049145172583e-06,,0.025013400595274328,0.0,0.0,0.396475970885856,3.0535789844535586e-05,False
445.547578,cmd_vel_sent,,,,,,,,,,,,,,,0.1215161687891577,9.856641342050105e-06,6.107157968907117e-05,,,,,,,,,,,
445.548711,cmd_vel_observed,,,,,,,,,,,,,,,0.07405684429293767,0.0003385969431294441,0.0028092681646554665,,,,,,,,,,,
445.567015,ground_trial_sample,1790840114.998,odom,base_footprint,progress=0.0035;cross_track=0.0000;one_shot=true,0.0035240291617810726,-6.146049145172583e-06,-3.0535789844535586e-05,0.0254971608400682,-7.785759452866352e-07,-2.7883910735937434e-09,,,,,,,,0.030121888249284218,0.0035240291617810726,,6.146049145172583e-06,,0.027060369426664167,0.0,0.0,0.396475970885856,3.0535789844535586e-05,False
445.568075,cmd_vel_sent,,,,,,,,,,,,,,,0.12757550461772965,1.0041667947566351e-05,6.107157968907117e-05,,,,,,,,,,,
445.569290,odom_raw,1790840115.076,odom,base_footprint,,0.006308306939899921,-0.00040398683631792665,-3.053535328707883e-05,0.03569586648288948,-0.00510052253119177,5.576782147187487e-09,,,,,,,,,,,,,,,,,,
445.586807,ground_trial_sample,1790840115.076,odom,base_footprint,progress=0.0063;cross_track=0.0004;one_shot=true,0.006308306939899921,-0.00040398683631792665,-3.053535328707883e-05,0.03569586648288948,-0.00510052253119177,5.576782147187487e-09,,,,,,,,0.032668589263304425,0.006308306939899921,,0.00040398683631792665,,0.029177080216413062,0.0,0.0,0.3936919003356457,3.053535328707883e-05,False
445.587744,cmd_vel_sent,,,,,,,,,,,,,,,0.13090038627960288,0.000407983926047972,6.107070657415766e-05,,,,,,,,,,,
445.588555,imu_data_raw,1790840114.858,,,,,,,,,,imu_frame,-0.1766674518585205,-0.06404489278793335,-0.11671733111143112,,,,,,,,,,,,,,
445.606977,ground_trial_sample,1790840115.076,odom,base_footprint,progress=0.0063;cross_track=0.0004;one_shot=true,0.006308306939899921,-0.00040398683631792665,-3.053535328707883e-05,0.03569586648288948,-0.00510052253119177,5.576782147187487e-09,,,,,,,,0.03529023265229353,0.006308306939899921,,0.00040398683631792665,,0.03138081350030782,0.0,0.0,0.3936919003356457,3.053535328707883e-05,False
445.608074,cmd_vel_sent,,,,,,,,,,,,,,,0.1371096549605975,0.00040817352826085944,6.107070657415766e-05,,,,,,,,,,,
445.626929,ground_trial_sample,1790840115.076,odom,base_footprint,progress=0.0063;cross_track=0.0004;one_shot=true,0.006308306939899921,-0.00040398683631792665,-3.053535328707883e-05,0.03569586648288948,-0.00510052253119177,5.576782147187487e-09,,,,,,,,0.038030166397035124,0.006308306939899921,,0.00040398683631792665,,0.03365963435611702,0.0,0.0,0.3936919003356457,3.053535328707883e-05,False
445.628312,cmd_vel_sent,,,,,,,,,,,,,,,0.143385162413491,0.00040836515309804883,6.107070657415766e-05,,,,,,,,,,,
445.629526,cmd_vel_observed,,,,,,,,,,,,,,,0.0951210881369992,8.971205820128049e-06,6.10710121643774e-05,,,,,,,,,,,
445.647019,ground_trial_sample,1790840115.076,odom,base_footprint,progress=0.0063;cross_track=0.0004;one_shot=true,0.006308306939899921,-0.00040398683631792665,-3.053535328707883e-05,0.03569586648288948,-0.00510052253119177,5.576782147187487e-09,,,,,,,,0.040898218662295635,0.006308306939899921,,0.00040398683631792665,,0.03602059374431307,0.0,0.0,0.3936919003356457,3.053535328707883e-05,False
445.648088,cmd_vel_sent,,,,,,,,,,,,,,,0.1497465923987204,0.0004085594016101192,6.107070657415766e-05,,,,,,,,,,,
445.648963,imu_data_raw,1790840114.906,,,,,,,,,,imu_frame,-0.07333680242300034,0.19452889263629913,-0.20290859043598175,,,,,,,,,,,,,,
445.667106,ground_trial_sample,1790840115.076,odom,base_footprint,progress=0.0063;cross_track=0.0004;one_shot=true,0.006308306939899921,-0.00040398683631792665,-3.053535328707883e-05,0.03569586648288948,-0.00510052253119177,5.576782147187487e-09,,,,,,,,0.04389735412808425,0.006308306939899921,,0.00040398683631792665,,0.038464752771497294,0.0,0.0,0.3936919003356457,3.053535328707883e-05,False
445.668230,cmd_vel_sent,,,,,,,,,,,,,,,0.15619635082289765,0.00040875634726227896,6.107070657415766e-05,,,,,,,,,,,
445.686701,ground_trial_sample,1790840115.076,odom,base_footprint,progress=0.0063;cross_track=0.0004;one_shot=true,0.006308306939899921,-0.00040398683631792665,-3.053535328707883e-05,0.03569586648288948,-0.00510052253119177,5.576782147187487e-09,,,,,,,,0.047013528700007814,0.006308306939899921,,0.00040398683631792665,,0.040979187654576255,0.0,0.0,0.3936919003356457,3.053535328707883e-05,False
445.687555,cmd_vel_sent,,,,,,,,,,,,,,,0.16270084550293593,0.0004089549643053496,6.107070657415766e-05,,,,,,,,,,,
445.688949,cmd_vel_observed,,,,,,,,,,,,,,,0.10968282807820685,9.495300936829414e-06,6.107157968907117e-05,,,,,,,,,,,
445.706899,ground_trial_sample,1790840115.076,odom,base_footprint,progress=0.0063;cross_track=0.0004;one_shot=true,0.006308306939899921,-0.00040398683631792665,-3.053535328707883e-05,0.03569586648288948,-0.00510052253119177,5.576782147187487e-09,,,,,,,,0.05026706892412977,0.006308306939899921,,0.00040398683631792665,,0.04357939203375398,0.0,0.0,0.3936919003356457,3.053535328707883e-05,False
445.707839,cmd_vel_sent,,,,,,,,,,,,,,,0.1693004512790427,0.0004091564855993411,6.107070657415766e-05,,,,,,,,,,,
445.709085,odom_raw,1790840115.175,odom,base_footprint,,0.013123690150678158,-0.0006566167576238513,-0.001542043327681982,0.0688383154649145,-0.0026558701208123934,-0.015267756767570972,,,,,,,,,,,,,,,,,,
445.726943,ground_trial_sample,1790840115.175,odom,base_footprint,progress=0.0131;cross_track=0.0007;one_shot=true,0.013123690150678158,-0.0006566167576238513,-0.001542043327681982,0.0688383154649145,-0.0026558701208123934,-0.015267756767570972,,,,,,,,0.053653811430213694,0.013123690150678158,,0.0006566167576238513,,0.04626056099714111,0.0,0.0,0.3868768670626287,0.001542043327681982,False
445.728243,cmd_vel_sent,,,,,,,,,,,,,,,0.169165890584379,0.0009174788779225801,0.003084086655363964,,,,,,,,,,,
445.729110,imu_data_raw,1790840114.938,,,,,,,,,,imu_frame,-0.22460435330867767,-0.18375498056411743,-0.0736217051744461,,,,,,,,,,,,,,
445.746936,ground_trial_sample,1790840115.175,odom,base_footprint,progress=0.0131;cross_track=0.0007;one_shot=true,0.013123690150678158,-0.0006566167576238513,-0.001542043327681982,0.0688383154649145,-0.0026558701208123934,-0.015267756767570972,,,,,,,,0.05704143866119124,0.013123690150678158,,0.0006566167576238513,,0.04902469168982187,0.0,0.0,0.3868768670626287,0.001542043327681982,False
445.747891,cmd_vel_sent,,,,,,,,,,,,,,,0.17593504922886963,0.0009279172221181103,0.003084086655363964,,,,,,,,,,,
445.767077,ground_trial_sample,1790840115.175,odom,base_footprint,progress=0.0131;cross_track=0.0007;one_shot=true,0.013123690150678158,-0.0006566167576238513,-0.001542043327681982,0.0688383154649145,-0.0026558701208123934,-0.015267756767570972,,,,,,,,0.060561813544388166,0.013123690150678158,,0.0006566167576238513,,0.05186672739610334,0.0,0.0,0.3868768670626287,0.001542043327681982,False
445.768169,cmd_vel_sent,,,,,,,,,,,,,,,0.18277892399813048,0.0009384707819066363,0.003084086655363964,,,,,,,,,,,
445.769382,cmd_vel_observed,,,,,,,,,,,,,,,0.13090038627960288,0.000407983926047972,6.107070657415766e-05,,,,,,,,,,,
445.787022,ground_trial_sample,1790840115.175,odom,base_footprint,progress=0.0131;cross_track=0.0007;one_shot=true,0.013123690150678158,-0.0006566167576238513,-0.001542043327681982,0.0688383154649145,-0.0026558701208123934,-0.015267756767570972,,,,,,,,0.06421616165399964,0.013123690150678158,,0.0006566167576238513,,0.0547864342133662,0.0,0.0,0.3868768670626287,0.001542043327681982,False
445.788066,cmd_vel_sent,,,,,,,,,,,,,,,0.18969722358988184,0.0009491391080870652,0.003084086655363964,,,,,,,,,,,
445.789290,odom_raw,1790840115.279,odom,base_footprint,,0.024527233093976974,0.00012131076073274016,4.580465610269552e-05,0.10963743894663226,0.0076541697962722475,0.015267767943441868,,,,,,,,,,,,,,,,,,
445.806834,ground_trial_sample,1790840115.279,odom,base_footprint,progress=0.0245;cross_track=0.0001;one_shot=true,0.024527233093976974,0.00012131076073274016,4.580465610269552e-05,0.10963743894663226,0.0076541697962722475,0.015267767943441868,,,,,,,,0.0680057114196428,0.024527233093976974,,0.00012131076073274016,,0.05777327565000121,0.0,0.0,0.37547278650305055,4.580465610269552e-05,False
445.807780,cmd_vel_sent,,,,,,,,,,,,,,,0.18324603680719534,-0.0001297042825640047,-9.160931220539104e-05,,,,,,,,,,,
445.808575,imu_data_raw,1790840115.006,,,,,,,,,,imu_frame,-0.13405688107013702,-0.1646013706922531,0.07481880486011505,,,,,,,,,,,,,,
445.826794,ground_trial_sample,1790840115.279,odom,base_footprint,progress=0.0245;cross_track=0.0001;one_shot=true,0.024527233093976974,0.00012131076073274016,4.580465610269552e-05,0.10963743894663226,0.0076541697962722475,0.015267767943441868,,,,,,,,0.07166738613650502,0.024527233093976974,,0.00012131076073274016,,0.0607706177999944,0.0,0.0,0.37547278650305055,4.580465610269552e-05,False
445.827968,cmd_vel_sent,,,,,,,,,,,,,,,0.18624337895404422,-0.00012984157479035925,-9.160931220539104e-05,,,,,,,,,,,
445.846801,ground_trial_sample,1790840115.279,odom,base_footprint,progress=0.0245;cross_track=0.0001;one_shot=true,0.024527233093976974,0.00012131076073274016,4.580465610269552e-05,0.10963743894663226,0.0076541697962722475,0.015267767943441868,,,,,,,,0.07539588264269965,0.024527233093976974,,0.00012131076073274016,,0.06377353979999896,0.0,0.0,0.37547278650305055,4.580465610269552e-05,False
445.847721,cmd_vel_sent,,,,,,,,,,,,,,,0.18924630095089864,-0.0001299791225998246,-9.160931220539104e-05,,,,,,,,,,,
445.848925,cmd_vel_observed,,,,,,,,,,,,,,,0.15619635082289765,0.00040875634726227896,6.107070657415766e-05,,,,,,,,,,,
445.867042,ground_trial_sample,1790840115.279,odom,base_footprint,progress=0.0245;cross_track=0.0001;one_shot=true,0.024527233093976974,0.00012131076073274016,4.580465610269552e-05,0.10963743894663226,0.0076541697962722475,0.015267767943441868,,,,,,,,0.07918879783193569,0.024527233093976974,,0.00012131076073274016,,0.0667798714499952,0.0,0.0,0.37547278650305055,4.580465610269552e-05,False
445.868144,cmd_vel_sent,,,,,,,,,,,,,,,0.1922526325977411,-0.00013011682658713516,-9.160931220539104e-05,,,,,,,,,,,
445.869391,odom_raw,1790840115.346,odom,base_footprint,,0.03255628049373627,0.000292509444989264,0.0010687443684504647,0.11983385735581678,0.0026777886052596787,0.015267756767570972,,,,,,,,,,,,,,,,,,
445.886909,ground_trial_sample,1790840115.346,odom,base_footprint,progress=0.0326;cross_track=0.0003;one_shot=true,0.03255628049373627,0.000292509444989264,0.0010687443684504647,0.11983385735581678,0.0026777886052596787,0.015267756767570972,,,,,,,,0.0830306663144277,0.03255628049373627,,0.000292509444989264,,0.06977738639999416,0.0,0.0,0.3674438359346544,0.0010687443684504647,False
445.887831,cmd_vel_sent,,,,,,,,,,,,,,,0.18722068636517225,-0.0004926007424361581,-0.0021374887369009295,,,,,,,,,,,
445.888685,imu_data_raw,1790840115.058,,,,,,,,,,imu_frame,-0.2661496698856354,0.37648820877075195,-0.1693897694349289,,,,,,,,,,,,,,
445.906814,ground_trial_sample,1790840115.346,odom,base_footprint,progress=0.0326;cross_track=0.0003;one_shot=true,0.03255628049373627,0.000292509444989264,0.0010687443684504647,0.11983385735581678,0.0026777886052596787,0.015267756767570972,,,,,,,,0.08676875481158762,0.03255628049373627,,0.000292509444989264,,0.0727723082999944,0.0,0.0,0.3674438359346544,0.0010687443684504647,False
445.907727,cmd_vel_sent,,,,,,,,,,,,,,,0.190215606554751,-0.0004958015477413978,-0.0021374887369009295,,,,,,,,,,,
445.926932,ground_trial_sample,1790840115.346,odom,base_footprint,progress=0.0326;cross_track=0.0003;one_shot=true,0.03255628049373627,0.000292509444989264,0.0010687443684504647,0.11983385735581678,0.0026777886052596787,0.015267756767570972,,,,,,,,0.09057605465782473,0.03255628049373627,,0.000292509444989264,,0.07577465414999551,0.0,0.0,0.3674438359346544,0.0010687443684504647,False
445.928498,cmd_vel_sent,,,,,,,,,,,,,,,0.19321795069009076,-0.0004990102873498822,-0.0021374887369009295,,,,,,,,,,,
445.929677,cmd_vel_observed,,,,,,,,,,,,,,,0.17593504922886963,0.0009279172221181103,0.003084086655363964,,,,,,,,,,,
445.946759,ground_trial_sample,1790840115.346,odom,base_footprint,progress=0.0326;cross_track=0.0003;one_shot=true,0.03255628049373627,0.000292509444989264,0.0010687443684504647,0.11983385735581678,0.0026777886052596787,0.015267756767570972,,,,,,,,0.0944358834103653,0.03255628049373627,,0.000292509444989264,,0.07877112719999674,0.0,0.0,0.3674438359346544,0.0010687443684504647,False
445.947616,cmd_vel_sent,,,,,,,,,,,,,,,0.1962144220287846,-0.0005022127504376346,-0.0021374887369009295,,,,,,,,,,,
445.948761,odom_raw,1790840115.454,odom,base_footprint,,0.049078430980443954,0.00031016700086183846,0.00436658014420196,0.152981506665524,0.0006680065297708044,0.030535513535141945,,,,,,,,,,,,,,,,,,
445.966766,ground_trial_stop,1790840115.454,,,sensor_or_publisher_gate,0.049078430980443954,0.00031016700086183846,0.00436658014420196,,,,,,,,,,,0.0983708352588209,,,,,,,,,,
445.967311,cmd_vel_sent,,,,,,,,,,,,,,,0.0,0.0,0.0,,,,,,,,,,,
445.987752,cmd_vel_sent,,,,,,,,,,,,,,,0.0,0.0,0.0,,,,,,,,,,,
446.008238,cmd_vel_sent,,,,,,,,,,,,,,,0.0,0.0,0.0,,,,,,,,,,,
446.028785,cmd_vel_sent,,,,,,,,,,,,,,,0.0,0.0,0.0,,,,,,,,,,,
446.049279,cmd_vel_sent,,,,,,,,,,,,,,,0.0,0.0,0.0,,,,,,,,,,,
446.069974,cmd_vel_sent,,,,,,,,,,,,,,,0.0,0.0,0.0,,,,,,,,,,,
446.090620,cmd_vel_sent,,,,,,,,,,,,,,,0.0,0.0,0.0,,,,,,,,,,,
446.111188,cmd_vel_sent,,,,,,,,,,,,,,,0.0,0.0,0.0,,,,,,,,,,,
446.155330,cmd_vel_sent,,,,,,,,,,,,,,,0.0,0.0,0.0,,,,,,,,,,,
446.176099,cmd_vel_sent,,,,,,,,,,,,,,,0.0,0.0,0.0,,,,,,,,,,,
446.196751,cmd_vel_sent,,,,,,,,,,,,,,,0.0,0.0,0.0,,,,,,,,,,,
446.217293,cmd_vel_sent,,,,,,,,,,,,,,,0.0,0.0,0.0,,,,,,,,,,,
446.237888,cmd_vel_sent,,,,,,,,,,,,,,,0.0,0.0,0.0,,,,,,,,,,,
446.258585,cmd_vel_sent,,,,,,,,,,,,,,,0.0,0.0,0.0,,,,,,,,,,,
446.279312,cmd_vel_sent,,,,,,,,,,,,,,,0.0,0.0,0.0,,,,,,,,,,,
446.299918,cmd_vel_sent,,,,,,,,,,,,,,,0.0,0.0,0.0,,,,,,,,,,,
446.320519,cmd_vel_sent,,,,,,,,,,,,,,,0.0,0.0,0.0,,,,,,,,,,,
446.341111,cmd_vel_sent,,,,,,,,,,,,,,,0.0,0.0,0.0,,,,,,,,,,,
446.361940,cmd_vel_sent,,,,,,,,,,,,,,,0.0,0.0,0.0,,,,,,,,,,,
446.382616,cmd_vel_sent,,,,,,,,,,,,,,,0.0,0.0,0.0,,,,,,,,,,,
446.403232,cmd_vel_sent,,,,,,,,,,,,,,,0.0,0.0,0.0,,,,,,,,,,,
446.423800,cmd_vel_sent,,,,,,,,,,,,,,,0.0,0.0,0.0,,,,,,,,,,,
446.444407,cmd_vel_sent,,,,,,,,,,,,,,,0.0,0.0,0.0,,,,,,,,,,,
446.465108,cmd_vel_sent,,,,,,,,,,,,,,,0.0,0.0,0.0,,,,,,,,,,,
