monotonic_s,record_type,segment,primitive_index,source_stamp_s,frame_id,child_frame_id,pose_x_m,pose_y_m,pose_yaw_rad,world_vx_mps,world_vy_mps,odom_wz_radps,ref_x_m,ref_y_m,ref_yaw_rad,ref_vx_mps,ref_vy_mps,position_error_m,corridor_error_m,yaw_error_rad,cmd_vx_mps,cmd_vy_mps,cmd_wz_radps,displacement_from_start_m,imu_source_stamp_s,imu_frame_id,imu_acc_z_mps2,imu_wz_radps,imu_receipt_age_s,reason
6084.189267,imu_sample,,,1790845753.738,,,,,,,,,,,,,,,,,,,,,1790845753.738,imu_frame,9.785700798034668,-0.0046938215382397175,0.0,
6084.190630,imu_sample,,,1790845753.81,,,,,,,,,,,,,,,,,,,,,1790845753.81,imu_frame,9.833584785461426,-0.0025632926262915134,0.0,
6084.191708,imu_sample,,,1790845753.818,,,,,,,,,,,,,,,,,,,,,1790845753.818,imu_frame,9.833584785461426,-0.0025632926262915134,0.0,
6084.192832,imu_sample,,,1790845753.86,,,,,,,,,,,,,,,,,,,,,1790845753.86,imu_frame,9.82879638671875,-0.0046938215382397175,0.0,
6084.229532,imu_sample,,,1790845753.917,,,,,,,,,,,,,,,,,,,,,1790845753.917,imu_frame,9.809642791748047,-0.007889614440500736,0.0,
6084.266895,imu_sample,,,1790845753.955,,,,,,,,,,,,,,,,,,,,,1790845753.955,imu_frame,9.814431190490723,-0.008954878896474838,0.0,
6084.290589,imu_sample,,,1790845753.978,,,,,,,,,,,,,,,,,,,,,1790845753.978,imu_frame,9.809642791748047,-0.0036285570822656155,0.0,
6084.330375,imu_sample,,,1790845754.018,,,,,,,,,,,,,,,,,,,,,1790845754.018,imu_frame,9.761758804321289,0.0027630296535789967,0.0,
6084.374357,imu_sample,,,1790845754.062,,,,,,,,,,,,,,,,,,,,,1790845754.062,imu_frame,9.780912399291992,0.008089352399110794,0.0,
6084.410739,imu_sample,,,1790845754.098,,,,,,,,,,,,,,,,,,,,,1790845754.098,imu_frame,9.742605209350586,0.0016977651976048946,0.0,
6084.450389,imu_sample,,,1790845754.138,,,,,,,,,,,,,,,,,,,,,1790845754.138,imu_frame,9.843161582946777,0.004893558565527201,0.0,
6084.509012,imu_sample,,,1790845754.197,,,,,,,,,,,,,,,,,,,,,1790845754.197,imu_frame,9.800065994262695,-0.0014980281703174114,0.0,
6084.545508,imu_sample,,,1790845754.234,,,,,,,,,,,,,,,,,,,,,1790845754.234,imu_frame,9.73781681060791,0.004893558565527201,0.0,
6084.570413,imu_sample,,,1790845754.258,,,,,,,,,,,,,,,,,,,,,1790845754.258,imu_frame,9.843161582946777,-0.008954878896474838,0.0,
6084.617882,imu_sample,,,1790845754.306,,,,,,,,,,,,,,,,,,,,,1790845754.306,imu_frame,9.790489196777344,0.0006325007416307926,0.0,
6084.650534,imu_sample,,,1790845754.338,,,,,,,,,,,,,,,,,,,,,1790845754.338,imu_frame,9.804854393005371,0.0006325007416307926,0.0,
6084.691381,imu_sample,,,1790845754.378,,,,,,,,,,,,,,,,,,,,,1790845754.378,imu_frame,9.876680374145508,0.007024087477475405,0.0,
6084.730721,imu_sample,,,1790845754.418,,,,,,,,,,,,,,,,,,,,,1790845754.418,imu_frame,9.88625717163086,0.0038282941095530987,0.0,
6084.796725,imu_sample,,,1790845754.485,,,,,,,,,,,,,,,,,,,,,1790845754.485,imu_frame,9.747393608093262,-0.0036285570822656155,0.0,
6084.828180,imu_sample,,,1790845754.516,,,,,,,,,,,,,,,,,,,,,1790845754.516,imu_frame,9.665990829467773,-0.0036285570822656155,0.0,
6084.850284,imu_sample,,,1790845754.538,,,,,,,,,,,,,,,,,,,,,1790845754.538,imu_frame,9.824007987976074,-0.0068243504501879215,0.0,
6084.890323,imu_sample,,,1790845754.578,,,,,,,,,,,,,,,,,,,,,1790845754.578,imu_frame,9.910199165344238,-0.0046938215382397175,0.0,
6084.953205,imu_sample,,,1790845754.641,,,,,,,,,,,,,,,,,,,,,1790845754.641,imu_frame,9.780912399291992,-0.00043276368523947895,0.0,
6084.977667,imu_sample,,,1790845754.666,,,,,,,,,,,,,,,,,,,,,1790845754.666,imu_frame,9.847949981689453,0.0027630296535789967,0.0,
6085.010451,imu_sample,,,1790845754.698,,,,,,,,,,,,,,,,,,,,,1790845754.698,imu_frame,9.79527759552002,0.007024087477475405,0.0,
6085.075729,imu_sample,,,1790845754.764,,,,,,,,,,,,,,,,,,,,,1790845754.764,imu_frame,9.800065994262695,0.013415674678981304,0.0,
6085.106034,imu_sample,,,1790845754.794,,,,,,,,,,,,,,,,,,,,,1790845754.794,imu_frame,9.800065994262695,0.0006325007416307926,0.0,
6085.130271,imu_sample,,,1790845754.818,,,,,,,,,,,,,,,,,,,,,1790845754.818,imu_frame,9.819219589233398,0.004893558565527201,0.0,
6085.170481,imu_sample,,,1790845754.858,,,,,,,,,,,,,,,,,,,,,1790845754.858,imu_frame,9.699509620666504,0.0006325007416307926,0.0,
6085.254531,trial_start,,,1790845754.836,odom,base_footprint,1.699204444885254,0.33483365178108215,-0.06111681617768132,,,,,,,,,,,,,,,,,,,,,route_length_m=1.428319;profile_s=4.006263;speed=0.500;command_cap=0.700;kp_pos=1.500;kd_vel=0.200
6085.255534,segment_enter,north_out,0,1790845754.836,,,1.699204444885254,0.33483365178108215,-0.06111681617768132,,,,,,,,,,,,,,,,,,,,,
6085.255615,control_sample,north_out,0,1790845754.836,odom,base_footprint,1.699204444885254,0.33483365178108215,-0.06111681617768132,0.0,0.0,0.0,1.6992044457852087,0.3348336517260112,-0.06111681617768139,4.2385715416544746e-05,-2.5937101806118546e-06,9.016381816434845e-10,0.0,-6.938893903907228e-17,5.095935215876774e-05,1.2252331582033454e-17,-1.3877787807814457e-16,0.0,1790845754.858,imu_frame,9.699509620666504,0.0006325007416307926,0.08420481000030122,progress=0.0000;speed=0.0000;settled=False
6085.275482,control_sample,north_out,0,1790845754.927,odom,base_footprint,1.699204444885254,0.33483365178108215,-0.06111681617768132,0.0,0.0,0.0,1.69940596781846,0.3348213199830142,-0.06111681617768139,0.020057252032298845,-0.00122736394278165,0.0002018998906676655,0.0,-6.938893903907228e-17,0.024416573835472903,2.3852447794681098e-18,-1.3877787807814457e-16,0.0,1790845754.858,imu_frame,9.699509620666504,0.0006325007416307926,0.10425711500010948,progress=0.0002;speed=0.0201;settled=False
6085.276192,imu_sample,,,1790845754.92,,,,,,,,,,,,,,,,,,,,,1790845754.92,imu_frame,9.79527759552002,0.0027630296535789967,0.0,
6085.295749,control_sample,north_out,0,1790845754.927,odom,base_footprint,1.699204444885254,0.33483365178108215,-0.06111681617768132,0.0,0.0,0.0,1.7000082096128346,0.33478446698530234,-0.06111681617768139,0.0400565614492526,-0.00245118220160268,0.0008052682046615168,0.0,-6.938893903907228e-17,0.04936568910648517,-4.119968255444917e-17,-1.3877787807814457e-16,0.0,1790845754.92,imu_frame,9.79527759552002,0.0027630296535789967,0.018571196999801032,progress=0.0008;speed=0.0401;settled=False
6085.315985,control_sample,north_out,0,1790845754.927,odom,base_footprint,1.699204444885254,0.33483365178108215,-0.06111681617768132,0.0,0.0,0.0,1.70100852277655,0.33472325479598264,-0.06111681617768139,0.060011825255548205,-0.0036723051762306137,0.0018074524979047365,0.0,-6.938893903907228e-17,0.07486007474649212,-4.85722573273506e-17,-1.3877787807814457e-16,0.0,1790845754.92,imu_frame,9.79527759552002,0.0027630296535789967,0.03856378799991944,progress=0.0018;speed=0.0601;settled=False
6085.317442,imu_sample,,,1790845754.938,,,,,,,,,,,,,,,,,,,,,1790845754.938,imu_frame,9.847949981689453,-0.0025632926262915134,0.0,
6085.335766,control_sample,north_out,0,1790845754.927,odom,base_footprint,1.699204444885254,0.33483365178108215,-0.06111681617768132,0.0,0.0,0.0,1.7024098946076374,0.3346375006132493,-0.06111681617768139,0.07999331201023077,-0.0048950328124179555,0.0032114456563003477,0.0,-6.938893903907228e-17,0.10098870008369835,-5.204170427930421e-18,-1.3877787807814457e-16,0.0,1790845754.938,imu_frame,9.847949981689453,-0.0025632926262915134,0.017338002999167657,progress=0.0032;speed=0.0801;settled=False
6085.355703,control_sample,north_out,0,1790845754.927,odom,base_footprint,1.699204444885254,0.33483365178108215,-0.06111681617768132,0.0,0.0,0.0,1.7042072044373882,0.3345275177863152,-0.06111681617768139,0.09993416976397222,-0.006115274237099051,0.005012117432704712,0.0,-6.938893903907228e-17,0.12766349734880028,2.3418766925686896e-17,-1.3877787807814457e-16,0.0,1790845754.938,imu_frame,9.847949981689453,-0.0025632926262915134,0.03731616099958046,progress=0.0050;speed=0.1001;settled=False
6085.375712,control_sample,north_out,0,1790845755.041,odom,base_footprint,1.699204444885254,0.33483365178108215,-0.06111681617768132,0.0,0.0,0.0,1.7064058460608806,0.33439297625253833,-0.06111681617768139,0.11989958957319055,-0.007337018688276716,0.007214871711525815,0.0,-6.938893903907228e-17,0.1549709479673785,-2.42861286636753e-17,-1.3877787807814457e-16,0.0,1790845754.938,imu_frame,9.847949981689453,-0.0025632926262915134,0.05731892699986929,progress=0.0072;speed=0.1201;settled=False
6085.376644,imu_sample,,,1790845754.978,,,,,,,,,,,,,,,,,,,,,1790845754.978,imu_frame,9.876680374145508,-0.0025632926262915134,0.0,
6085.395722,control_sample,north_out,0,1790845755.041,odom,base_footprint,1.699204444885254,0.33483365178108215,-0.06111681617768132,0.0,0.0,0.0,1.7090030010838615,0.3342340484779914,-0.06111681617768139,0.13985894173147434,-0.008558391841533687,0.009816884826580607,0.0,-6.938893903907228e-17,0.1828699920394181,-5.204170427930421e-18,-1.3877787807814457e-16,0.0,1790845754.978,imu_frame,9.876680374145508,-0.0025632926262915134,0.01810922999993636,progress=0.0098;speed=0.1401;settled=False
6085.415767,control_sample,north_out,0,1790845755.041,odom,base_footprint,1.699204444885254,0.33483365178108215,-0.06111681617768132,0.0,0.0,0.0,1.71200409504087,0.33405040245779877,-0.06111681617768139,0.15984838160980946,-0.00978160615342256,0.012823592461107963,0.0,-6.938893903907228e-17,0.2114122506912038,1.734723475976807e-17,-1.3877787807814457e-16,0.0,1790845754.978,imu_frame,9.876680374145508,-0.0025632926262915134,0.03813606099993194,progress=0.0128;speed=0.1601;settled=False
6085.417002,imu_sample,,,1790845755.049,,,,,,,,,,,,,,,,,,,,,1790845755.049,imu_frame,9.785700798034668,-0.02280331775546074,0.0,
6085.435911,control_sample,north_out,0,1790845755.041,odom,base_footprint,1.699204444885254,0.33483365178108215,-0.06111681617768132,0.0,0.0,0.0,1.7154043461065125,0.3338423308063255,-0.06111681617768139,0.17983133861466336,-0.011004423758666693,0.01623020384510089,0.0,-6.938893903907228e-17,0.24054657096721235,-5.0306980803327406e-17,-1.3877787807814457e-16,0.0,1790845755.049,imu_frame,9.785700798034668,-0.02280331775546074,0.01779981100025907,progress=0.0162;speed=0.1802;settled=False
6085.455751,control_sample,north_out,0,1790845755.041,odom,base_footprint,1.699204444885254,0.33483365178108215,-0.06111681617768132,0.0,0.0,0.0,1.7191955132366306,0.3336103378180003,-0.06111681617768139,0.19976858612112797,-0.012224444261392726,0.02002846251916717,0.0,-6.938893903907228e-17,0.2702134081783244,2.0816681711721685e-17,-1.3877787807814457e-16,0.0,1790845755.049,imu_frame,9.785700798034668,-0.02280331775546074,0.03777435200026957,progress=0.0200;speed=0.2001;settled=False
6085.475655,control_sample,north_out,0,1790845755.106,odom,base_footprint,1.7001969814300537,0.33477291464805603,-0.059132006545090744,0.01527155759241482,-0.0009040918366488824,0.03053552284836769,1.7233862537840812,0.3333538937232055,-0.06111681617768139,0.21971190327386408,-0.013444836184140163,0.023232648852303212,8.1702075147056e-10,-0.001984809632590643,0.2959361859835831,-0.0005934493872922601,-0.003969619265181286,0.0009943931778181947,1790845755.049,imu_frame,9.785700798034668,-0.02280331775546074,0.05775497400009044,progress=0.0242;speed=0.2201;settled=False
6085.476429,imu_sample,,,1790845755.084,,,,,,,,,,,,,,,,,,,,,1790845755.084,imu_frame,9.876680374145508,-0.05050019174814224,0.0,
6085.495762,control_sample,north_out,0,1790845755.106,odom,base_footprint,1.7001969814300537,0.33477291464805603,-0.059132006545090744,0.01527155759241482,-0.0009040918366488824,0.03053552284836769,1.727983166940802,0.3330725946974181,-0.06111681617768139,0.23968725750011047,-0.014667188552356174,0.02783816073615945,8.1702075147056e-10,-0.001984809632590643,0.32685965569833225,-0.0006548266684532171,-0.003969619265181286,0.0009943931778181947,1790845755.084,imu_frame,9.876680374145508,-0.05050019174814224,0.01833842099949834,progress=0.0288;speed=0.2401;settled=False
6085.515767,control_sample,north_out,0,1790845755.106,odom,base_footprint,1.7001969814300537,0.33477291464805603,-0.059132006545090744,0.01527155759241482,-0.0009040918366488824,0.03053552284836769,1.732978171119258,0.33276693527743334,-0.06111681617768139,0.25965619173504034,-0.015889148061877374,0.03284250828842032,8.1702075147056e-10,-0.001984809632590643,0.35837365935226195,-0.0007173760486041993,-0.003969619265181286,0.0009943931778181947,1790845755.084,imu_frame,9.876680374145508,-0.05050019174814224,0.03834470799938572,progress=0.0338;speed=0.2601;settled=False
6085.517073,imu_sample,,,1790845755.098,,,,,,,,,,,,,,,,,,,,,1790845755.098,imu_frame,9.91977596282959,0.15722636878490448,0.0,
6085.535760,control_sample,north_out,0,1790845755.106,odom,base_footprint,1.7001969814300537,0.33477291464805603,-0.059132006545090744,0.01527155759241482,-0.0009040918366488824,0.03053552284836769,1.7383720531693336,0.3324368673135259,-0.06111681617768139,0.27962289015220715,-0.017110970754944325,0.03824647983080709,8.1702075147056e-10,-0.001984809632590643,0.3904844098159961,-0.0007811098591267683,-0.003969619265181286,0.0009943931778181947,1790845755.098,imu_frame,9.91977596282959,0.15722636878490448,0.017706399999951827,progress=0.0392;speed=0.2801;settled=False
6085.555483,control_sample,north_out,0,1790845755.106,odom,base_footprint,1.7001969814300537,0.33477291464805603,-0.059132006545090744,0.01527155759241482,-0.0009040918366488824,0.03053552284836769,1.7441509319023434,0.33208324023763425,-0.06111681617768139,0.29954154843114034,-0.018329853726588862,0.044036168209263746,8.1702075147056e-10,-0.001984809632590643,0.4231159785086635,-0.0008458773960444317,-0.003969619265181286,0.0009943931778181947,1790845755.098,imu_frame,9.91977596282959,0.15722636878490448,0.03766231700046774,progress=0.0450;speed=0.3001;settled=False
6085.575613,control_sample,north_out,0,1790845755.213,odom,base_footprint,1.7098017930984497,0.3339284360408783,-0.057483089091141804,0.08894617682859336,-0.007672473656229843,0.015267756767570972,1.750346158811031,0.3317041355570514,-0.06111681617768139,0.3195191065343254,-0.019552340956703426,0.04060533343882163,0.0002562526049816885,-0.0036337270865395843,0.42719737115716444,-0.0007228560675412617,-0.007267454173079169,0.010635939295052273,1790845755.098,imu_frame,9.91977596282959,0.15722636878490448,0.057677243999933125,progress=0.0512;speed=0.3201;settled=False
6085.576392,imu_sample,,,1790845755.138,,,,,,,,,,,,,,,,,,,,,1790845755.138,imu_frame,9.871891975402832,0.13911688327789307,0.0,
6085.595710,control_sample,north_out,0,1790845755.213,odom,base_footprint,1.7098017930984497,0.3339284360408783,-0.057483089091141804,0.08894617682859336,-0.007672473656229843,0.015267756767570972,1.7569287850577815,0.3313013247387469,-0.06111681617768139,0.3394600591110559,-0.020772588183890144,0.04720015979770312,0.0002562526049816885,-0.0036337270865395843,0.46106346017902505,-0.0008459167341655499,-0.007267454173079169,0.010635939295052273,1790845755.138,imu_frame,9.871891975402832,0.13911688327789307,0.01833496500057663,progress=0.0578;speed=0.3401;settled=False
6085.615726,control_sample,north_out,0,1790845755.213,odom,base_footprint,1.7098017930984497,0.3339284360408783,-0.057483089091141804,0.08894617682859336,-0.007672473656229843,0.015267756767570972,1.763933756588893,0.33087266933452436,-0.06111681617768139,0.3594675472291386,-0.021996906922181057,0.05421814439368387,0.0002562526049816885,-0.0036337270865395843,0.4956442394308099,-0.000971574401467036,-0.007267454173079169,0.010635939295052273,1790845755.138,imu_frame,9.871891975402832,0.13911688327789307,0.038379878000341705,progress=0.0649;speed=0.3601;settled=False
6085.635757,control_sample,north_out,0,1790845755.286,odom,base_footprint,1.7215315103530884,0.3332534432411194,-0.055284528359247014,0.1629325172206202,-0.009016835530406022,0.030535513535141945,1.7713197647328005,0.3304206971469921,-0.06111681617768139,0.37942239481340345,-0.02321800442692349,0.049868775046242285,0.00021354839325720204,-0.005832287818434374,0.49831749438197825,-0.0027763828022183273,-0.011664575636868749,0.022382915615145802,1790845755.138,imu_frame,9.871891975402832,0.13911688327789307,0.058372051999867836,progress=0.0723;speed=0.3801;settled=False
6085.636607,imu_sample,,,1790845755.178,,,,,,,,,,,,,,,,,,,,,1790845755.178,imu_frame,9.43135929107666,0.19024957716464996,0.0,
6085.655644,control_sample,north_out,0,1790845755.286,odom,base_footprint,1.7215315103530884,0.3332534432411194,-0.055284528359247014,0.1629325172206202,-0.009016835530406022,0.030535513535141945,1.7790973009931643,0.32994476616929513,-0.06111681617768139,0.3993587160532094,-0.024437968248589903,0.05766079773973536,0.00021354839325720204,-0.005832287818434374,0.5339733502701379,-0.002984340374108562,-0.011664575636868749,0.022382915615145802,1790845755.178,imu_frame,9.43135929107666,0.19024957716464996,0.01813204600057361,progress=0.0800;speed=0.4001;settled=False
6085.675649,control_sample,north_out,0,1790845755.286,odom,base_footprint,1.7215315103530884,0.3332534432411194,-0.055284528359247014,0.1629325172206202,-0.009016835530406022,0.030535513535141945,1.7872911667719875,0.3294433587285986,-0.06111681617768139,0.41933819156993685,-0.025660572811040998,0.0658699412199845,0.00021354839325720204,-0.005832287818434374,0.5703067390550093,-0.00319624955766451,-0.011664575636868749,0.022382915615145802,1790845755.178,imu_frame,9.43135929107666,0.19024957716464996,0.03814889400018728,progress=0.0883;speed=0.4201;settled=False
6085.676750,imu_sample,,,1790845755.223,,,,,,,,,,,,,,,,,,,,,1790845755.223,imu_frame,10.096946716308594,-0.26781412959098816,0.0,
6085.695778,control_sample,north_out,0,1790845755.286,odom,base_footprint,1.7215315103530884,0.3332534432411194,-0.055284528359247014,0.1629325172206202,-0.009016835530406022,0.030535513535141945,1.79588675768991,0.3289173685110668,-0.06111681617768139,0.43932175444189175,-0.026883427491126325,0.07448157054321909,0.00021354839325720204,-0.005832287818434374,0.6072487463647589,-0.003411708419877299,-0.011664575636868749,0.022382915615145802,1790845755.223,imu_frame,10.096946716308594,-0.26781412959098816,0.018026571000518743,progress=0.0969;speed=0.4401;settled=False
6085.716519,control_sample,north_out,0,1790845755.286,odom,base_footprint,1.7215315103530884,0.3332534432411194,-0.055284528359247014,0.1629325172206202,-0.009016835530406022,0.030535513535141945,1.8050589353189463,0.3283560952079972,-0.06111681617768139,0.4596887091618669,-0.028129743078491407,0.08367087150965119,0.00021354839325720204,-0.005832287818434374,0.6455181597597005,-0.0036349091842129144,-0.011664575636868749,0.022382915615145802,1790845755.223,imu_frame,10.096946716308594,-0.26781412959098816,0.03843162300017866,progress=0.1061;speed=0.4605;settled=False
6085.735750,control_sample,north_out,0,1790845755.376,odom,base_footprint,1.7458186149597168,0.3319093585014343,-0.05528452463537993,0.2698569524104244,-0.014934131221286126,4.4614257177499894e-08,1.8142523052181545,0.3277935250857904,-0.06111681617768139,0.4792349320971242,-0.02932583560451013,0.06855734860022755,7.169705123267013e-05,-0.005832291542301457,0.6249287059839924,-0.0038525224382524037,-0.011664583084602914,0.04670580630838467,1790845755.223,imu_frame,10.096946716308594,-0.26781412959098816,0.05801440800041746,progress=0.1153;speed=0.4801;settled=False
6085.736596,imu_sample,,,1790845755.258,,,,,,,,,,,,,,,,,,,,,1790845755.258,imu_frame,9.575011253356934,-0.3711448013782501,0.0,
6085.755585,control_sample,north_out,0,1790845755.376,odom,base_footprint,1.7458186149597168,0.3319093585014343,-0.05528452463537993,0.2698569524104244,-0.014934131221286126,4.4614257177499894e-08,1.8240296658492259,0.3271952188036125,-0.06111681617768139,0.49906647432985096,-0.030539387681684214,0.07835299352502084,7.169705123267013e-05,-0.005832291542301457,0.6634638905931495,-0.004077273417883484,-0.011664583084602914,0.04670580630838467,1790845755.258,imu_frame,9.575011253356934,-0.3711448013782501,0.018154479999793693,progress=0.1251;speed=0.5000;settled=False
6085.775656,control_sample,north_out,0,1790845755.376,odom,base_footprint,1.7458186149597168,0.3319093585014343,-0.05528452463537993,0.2698569524104244,-0.014934131221286126,4.4614257177499894e-08,1.834011673067954,0.32658438957749897,-0.06111681617768139,0.49906647432985096,-0.030539387681684214,0.08835366881190503,7.169705123267013e-05,-0.005832291542301457,0.6784646539591537,-0.0041647632352003056,-0.011664583084602914,0.04670580630838467,1790845755.258,imu_frame,9.575011253356934,-0.3711448013782501,0.03815583799951128,progress=0.1351;speed=0.5000;settled=False
6085.776895,imu_sample,,,1790845755.3,,,,,,,,,,,,,,,,,,,,,1790845755.3,imu_frame,7.841609001159668,-0.10482867807149887,0.0,
6085.795780,control_sample,north_out,0,1790845755.376,odom,base_footprint,1.7458186149597168,0.3319093585014343,-0.05528452463537993,0.2698569524104244,-0.014934131221286126,4.4614257177499894e-08,1.8440023845053788,0.32597302771390546,-0.06111681617768139,0.49906647432985096,-0.030539387681684214,0.09836306535186175,7.169705123267013e-05,-0.005832291542301457,0.6934784978531611,-0.004252329342834926,-0.011664583084602914,0.04670580630838467,1790845755.3,imu_frame,7.841609001159668,-0.10482867807149887,0.017876900999908685,progress=0.1451;speed=0.5000;settled=False
6085.815761,control_sample,north_out,0,1790845755.376,odom,base_footprint,1.7458186149597168,0.3319093585014343,-0.05528452463537993,0.2698569524104244,-0.014934131221286126,4.4614257177499894e-08,1.853987442517655,0.3253620118005034,-0.06111681617768139,0.49906647432985096,-0.030539387681684214,0.1083667984397489,7.169705123267013e-05,-0.005832291542301457,0.6999868675869039,-0.004287797321968161,-0.011664583084602914,0.04670580630838467,1790845755.3,imu_frame,7.841609001159668,-0.10482867807149887,0.037884372000007716,progress=0.1551;speed=0.5000;settled=False
6085.835695,control_sample,north_out,0,1790845755.495,odom,base_footprint,1.7961087226867676,0.3291262686252594,-0.048017070449131956,0.4227650397727666,-0.020315562003159027,0.06107107177376747,1.8639551245326507,0.32475205917695266,-0.06111681617768139,0.49906647432985096,-0.030539387681684214,0.06798726315811443,0.00022206743713600743,-0.013099745728549432,0.6172651809752691,-0.00952857218464959,-0.026199491457098864,0.09707220652030274,1790845755.3,imu_frame,7.841609001159668,-0.10482867807149887,0.057857026000419864,progress=0.1651;speed=0.5000;settled=False
6085.836522,imu_sample,,,1790845755.364,,,,,,,,,,,,,,,,,,,,,1790845755.364,imu_frame,8.138489723205566,-0.22520355880260468,0.0,
6085.855772,control_sample,north_out,0,1790845755.495,odom,base_footprint,1.7961087226867676,0.3291262686252594,-0.048017070449131956,0.4227650397727666,-0.020315562003159027,0.06107107177376747,1.8739771703572508,0.32413877986739364,-0.06111681617768139,0.49906647432985096,-0.030539387681684214,0.07802800898857162,0.00022206743713600743,-0.013099745728549432,0.6323250774681574,-0.009725864284861451,-0.026199491457098864,0.09707220652030274,1790845755.364,imu_frame,8.138489723205566,-0.22520355880260468,0.01830974799941032,progress=0.1751;speed=0.5000;settled=False
6085.875699,control_sample,north_out,0,1790845755.495,odom,base_footprint,1.7961087226867676,0.3291262686252594,-0.048017070449131956,0.4227650397727666,-0.020315562003159027,0.06107107177376747,1.8837930313431337,0.3235381176320072,-0.06111681617768139,0.4814191554122114,-0.029459494838367493,0.08786219560236512,0.00022206743713600743,-0.013099745728549432,0.6258605703486321,-0.009641176041018103,-0.026199491457098864,0.09707220652030274,1790845755.364,imu_frame,8.138489723205566,-0.22520355880260468,0.038290785999379295,progress=0.1849;speed=0.4823;settled=False
6085.895698,control_sample,north_out,0,1790845755.556,odom,base_footprint,1.8256109952926636,0.3273971378803253,-0.04429173419566413,0.48374512496613564,-0.026544369007461953,0.06107107177376747,1.893192583050171,0.32296293062109704,-0.06111681617768139,0.4615196622842388,-0.02824178464030177,0.06772690158159808,0.0002981277492812037,-0.016825081982017258,0.5594592739533816,-0.010471527897322128,-0.033650163964034516,0.12662510700843316,1790845755.364,imu_frame,8.138489723205566,-0.22520355880260468,0.05822750199968141,progress=0.1944;speed=0.4624;settled=False
6085.896529,imu_sample,,,1790845755.387,,,,,,,,,,,,,,,,,,,,,1790845755.387,imu_frame,11.73936939239502,0.3457781970500946,0.0,
6085.947702,segment_enter,left_arc_out,1,1790845755.556,,,1.8256109952926636,0.3273971378803253,-0.04429173419566413,,,,,,,,,,,,,,,,,,,,,
6085.947856,control_sample,left_arc_out,1,1790845755.556,odom,base_footprint,1.8256109952926636,0.3273971378803253,-0.04429173419566413,0.48374512496613564,-0.026544369007461953,0.06107107177376747,1.9166286961864758,0.32232239581536815,-0.06111681617768139,0.4498247039062073,0.012559289617367225,0.09115906363615915,0.0002981277492812037,-0.016825081982017258,0.5784334508627534,0.038417029367198374,-0.033650163964034516,0.12662510700843316,1790845755.387,imu_frame,11.73936939239502,0.3457781970500946,0.050173595000160276,progress=0.2178;speed=0.4500;settled=False
6085.967642,control_sample,left_arc_out,1,1790845755.556,odom,base_footprint,1.8256109952926636,0.3273971378803253,-0.04429173419566413,0.48374512496613564,-0.026544369007461953,0.06107107177376747,1.9256064996610394,0.32277515334486945,-0.06111681617768139,0.448805999464829,0.032759347435134756,0.10010226588310503,0.0002981277492812037,-0.016825081982017258,0.5895623485732056,0.06385393852130827,-0.033650163964034516,0.12662510700843316,1790845755.387,imu_frame,11.73936939239502,0.3457781970500946,0.07015130499985389,progress=0.2268;speed=0.4500;settled=False
6085.987749,control_sample,left_arc_out,1,1790845755.646,odom,base_footprint,1.873753309249878,0.32526344060897827,-0.04154352745841754,0.5349783434144523,-0.022237682048104116,0.030535602942109108,1.9345785431367424,0.32363366956544776,-0.06111681617768139,0.44687433796852766,0.05294644525546692,0.0608470642763157,0.0011088877799498562,-0.019573288719263848,0.5173203813399123,0.08709889594623121,-0.039146577438527695,0.17481102651966374,1790845755.387,imu_frame,11.73936939239502,0.3457781970500946,0.09018194400050561,progress=0.2358;speed=0.4500;settled=False
6085.988615,imu_sample,,,1790845755.418,,,,,,,,,,,,,,,,,,,,,1790845755.418,imu_frame,7.3005194664001465,0.06454836577177048,0.0,
6086.007596,control_sample,left_arc_out,1,1790845755.646,odom,base_footprint,1.873753309249878,0.32526344060897827,-0.04154352745841754,0.5349783434144523,-0.022237682048104116,0.030535602942109108,1.9434766654810258,0.3248912418352248,-0.06111681617768139,0.44404480036152993,0.07296722053010538,0.06972434966396412,0.0011088877799498562,-0.019573288719263848,0.5261873965578225,0.11340113961360342,-0.039146577438527695,0.17481102651966374,1790845755.418,imu_frame,7.3005194664001465,0.06454836577177048,0.0180666360001851,progress=0.2448;speed=0.4500;settled=False
6086.027561,control_sample,left_arc_out,1,1790845755.646,odom,base_footprint,1.873753309249878,0.32526344060897827,-0.04154352745841754,0.5349783434144523,-0.022237682048104116,0.030535602942109108,1.952317513931915,0.3265489900166017,-0.06111681617768139,0.4403148669534316,0.09285912954460546,0.07857472172779534,0.0011088877799498562,-0.019573288719263848,0.5338705248585984,0.1401001813040951,-0.039146577438527695,0.17481102651966374,1790845755.418,imu_frame,7.3005194664001465,0.06454836577177048,0.03805705000013404,progress=0.2538;speed=0.4500;settled=False
6086.028692,imu_sample,,,1790845755.46,,,,,,,,,,,,,,,,,,,,,1790845755.46,imu_frame,12.486360549926758,0.05602625384926796,0.0,
6086.047607,control_sample,left_arc_out,1,1790845755.646,odom,base_footprint,1.873753309249878,0.32526344060897827,-0.04154352745841754,0.5349783434144523,-0.022237682048104116,0.030535602942109108,1.961085214883357,0.32860524453893153,-0.06111681617768139,0.43568829427818895,0.1125864566853502,0.08739582023804776,0.0011088877799498562,-0.019573288719263848,0.540352364329163,0.16714989539890845,-0.039146577438527695,0.17481102651966374,1790845755.46,imu_frame,12.486360549926758,0.05602625384926796,0.017993994000789826,progress=0.2628;speed=0.4500;settled=False
6086.067597,control_sample,left_arc_out,1,1790845755.646,odom,base_footprint,1.873753309249878,0.32526344060897827,-0.04154352745841754,0.5349783434144523,-0.022237682048104116,0.030535602942109108,1.9697420181961671,0.3310512068759423,-0.06111681617768139,0.4301848790199149,0.13206426413917263,0.09616304115166296,0.0011088877799498562,-0.019573288719263848,0.5456048553882812,0.19443389295278735,-0.039146577438527695,0.17481102651966374,1790845755.46,imu_frame,12.486360549926758,0.05602625384926796,0.037986168000315956,progress=0.2718;speed=0.4500;settled=False
6086.087712,control_sample,left_arc_out,1,1790845755.738,odom,base_footprint,1.9235179424285889,0.3250730633735657,-0.03592499289568376,0.5409235977825155,0.0009698518097339091,0.06107102707028389,1.9782882006697085,0.3338868674029441,-0.06111681617768139,0.42380464283416147,0.15129317470464038,0.05547489819068815,0.0024194176898677455,-0.025191823281997625,0.47523616147431513,0.21178437920732612,-0.05038364656399525,0.22452575412674752,1790845755.46,imu_frame,12.486360549926758,0.05602625384926796,0.0579975110003943,progress=0.2808;speed=0.4500;settled=False
6086.088610,imu_sample,,,1790845755.505,,,,,,,,,,,,,,,,,,,,,1790845755.505,imu_frame,9.455301284790039,0.03152516856789589,0.0,
6086.107712,control_sample,left_arc_out,1,1790845755.738,odom,base_footprint,1.9235179424285889,0.3250730633735657,-0.03592499289568376,0.5409235977825155,0.0009698518097339091,0.06107102707028389,1.9866999940188799,0.33710509928906546,-0.06111681617768139,0.4165636210903877,0.17021970974027623,0.06431750563750176,0.0024194176898677455,-0.025191823281997625,0.4781729582251177,0.23944689956441725,-0.05038364656399525,0.22452575412674752,1790845755.505,imu_frame,9.455301284790039,0.03152516856789589,0.01809530900027312,progress=0.2898;speed=0.4500;settled=False
6086.127837,control_sample,left_arc_out,1,1790845755.738,odom,base_footprint,1.9235179424285889,0.3250730633735657,-0.03592499289568376,0.5409235977825155,0.0009698518097339091,0.06107102707028389,1.995018954802236,0.3407267862391257,-0.06111681617768139,0.4084148254527528,0.18893737150282738,0.07319449303061115,0.0024194176898677455,-0.025191823281997625,0.4798692362575696,0.2674195986866811,-0.05038364656399525,0.22452575412674752,1790845755.505,imu_frame,9.455301284790039,0.03152516856789589,0.03825955400043313,progress=0.2989;speed=0.4500;settled=False
6086.129019,imu_sample,,,1790845755.538,,,,,,,,,,,,,,,,,,,,,1790845755.538,imu_frame,6.47212553024292,0.005958823021501303,0.0,
6086.147598,control_sample,left_arc_out,1,1790845755.738,odom,base_footprint,1.9235179424285889,0.3250730633735657,-0.03592499289568376,0.5409235977825155,0.0009698518097339091,0.06107102707028389,2.003020769579872,0.34464722569797945,-0.06111681617768139,0.3995938366703312,0.20694145475250889,0.08187702581157497,0.0024194176898677455,-0.025191823281997625,0.4802986511100209,0.2949383371845523,-0.05038364656399525,0.22452575412674752,1790845755.538,imu_frame,6.47212553024292,0.005958823021501303,0.017654141999628337,progress=0.3078;speed=0.4500;settled=False
6086.167418,control_sample,left_arc_out,1,1790845755.738,odom,base_footprint,1.9235179424285889,0.3250730633735657,-0.03592499289568376,0.5409235977825155,0.0009698518097339091,0.06107102707028389,2.010911369759746,0.34896129150365895,-0.06111681617768139,0.38988718860755284,0.2246953051572251,0.09059944030666874,0.0024194176898677455,-0.025191823281997625,0.4794888245588107,0.322702884229522,-0.05038364656399525,0.22452575412674752,1790845755.538,imu_frame,6.47212553024292,0.005958823021501303,0.037640107999322936,progress=0.3168;speed=0.4500;settled=False
6086.187700,control_sample,left_arc_out,1,1790845755.828,odom,base_footprint,1.9727586507797241,0.32789579033851624,-0.024932209407240186,0.5467409070397183,0.037375921045944324,0.12214205414056778,2.0186215141410164,0.35363938966311786,-0.06111681617768139,0.37936146774877033,0.24204313001508365,0.052594059948650074,0.00391144704740354,-0.03618460677044121,0.40653382827929785,0.33182983714392494,-0.07236921354088242,0.2736421705146165,1790845755.538,imu_frame,6.47212553024292,0.005958823021501303,0.05768261999946844,progress=0.3258;speed=0.4500;settled=False
6086.188530,imu_sample,,,1790845755.598,,,,,,,,,,,,,,,,,,,,,1790845755.598,imu_frame,6.342838764190674,0.17853166162967682,0.0,
6086.207642,control_sample,left_arc_out,1,1790845755.828,odom,base_footprint,1.9727586507797241,0.32789579033851624,-0.024932209407240186,0.5467409070397183,0.037375921045944324,0.12214205414056778,2.026089242093448,0.3586436485911194,-0.06111681617768139,0.3681018851607669,0.2588455179080556,0.06155958704372244,0.00391144704740354,-0.03618460677044121,0.403534854838789,0.3594329065173821,-0.07236921354088242,0.2736421705146165,1790845755.598,imu_frame,6.342838764190674,0.17853166162967682,0.018149679000089236,progress=0.3348;speed=0.4500;settled=False
6086.227652,control_sample,left_arc_out,1,1790845755.828,odom,base_footprint,1.9727586507797241,0.32789579033851624,-0.024932209407240186,0.5467409070397183,0.037375921045944324,0.12214205414056778,2.033350332064206,0.3639983379163215,-0.06111681617768139,0.3560538341790619,0.27518297034225997,0.07053187777514444,0.00391144704740354,-0.03618460677044121,0.39928095739678915,0.38697239438895503,-0.07236921354088242,0.2736421705146165,1790845755.598,imu_frame,6.342838764190674,0.17853166162967682,0.038200224000320304,progress=0.3438;speed=0.4500;settled=False
6086.228784,imu_sample,,,1790845755.629,,,,,,,,,,,,,,,,,,,,,1790845755.629,imu_frame,11.423335075378418,0.08265786617994308,0.0,
6086.247597,control_sample,left_arc_out,1,1790845755.828,odom,base_footprint,1.9727586507797241,0.32789579033851624,-0.024932209407240186,0.5467409070397183,0.037375921045944324,0.12214205414056778,2.0403277955485617,0.3696455954739838,-0.06111681617768139,0.34334750467432124,0.2908822631820596,0.0794269195779469,0.00391144704740354,-0.03618460677044121,0.3938202141966022,0.41415474588707524,-0.07236921354088242,0.2736421705146165,1790845755.629,imu_frame,11.423335075378418,0.08265786617994308,0.017895078000037756,progress=0.3528;speed=0.4500;settled=False
6086.267441,control_sample,left_arc_out,1,1790845755.828,odom,base_footprint,1.9727586507797241,0.32789579033851624,-0.024932209407240186,0.5467409070397183,0.037375921045944324,0.12214205414056778,2.0470557091338675,0.37561033683093586,-0.06111681617768139,0.3299268366211798,0.3060200687489978,0.08829909867635262,0.00391144704740354,-0.03618460677044121,0.3871332477118587,0.44110889814590193,-0.07236921354088242,0.2736421705146165,1790845755.629,imu_frame,11.423335075378418,0.08265786617994308,0.03787736399954156,progress=0.3618;speed=0.4500;settled=False
6086.287717,control_sample,left_arc_out,1,1790845755.916,odom,base_footprint,2.020064115524292,0.33479613065719604,-0.01418371661826631,0.5366884034851611,0.08418626911583091,0.12214196473360062,2.053531276034093,0.3818943131193929,-0.06111681617768139,0.31578788997215107,0.3205900942745059,0.05777793371029435,0.016865110283562315,-0.04693309955941508,0.3155565498239963,0.4430383116031227,-0.09386619911883017,0.32085967283288613,1790845755.629,imu_frame,11.423335075378418,0.08265786617994308,0.05793101299968839,progress=0.3708;speed=0.4500;settled=False
6086.288631,imu_sample,,,1790845755.658,,,,,,,,,,,,,,,,,,,,,1790845755.658,imu_frame,6.266224384307861,-0.027064375579357147,0.0,
6086.307670,control_sample,left_arc_out,1,1790845755.916,odom,base_footprint,2.020064115524292,0.33479613065719604,-0.01418371661826631,0.5366884034851611,0.08418626911583091,0.12214196473360062,2.0596968987435615,0.38844185164444905,-0.06111681617768139,0.3010559282907754,0.33446274537081033,0.06669798262277363,0.016865110283562315,-0.04693309955941508,0.30675206885164863,0.4693845747277605,-0.09386619911883017,0.32085967283288613,1790845755.658,imu_frame,6.266224384307861,-0.027064375579357147,0.01807303699933982,progress=0.3798;speed=0.4500;settled=False
6086.327676,control_sample,left_arc_out,1,1790845755.916,odom,base_footprint,2.020064115524292,0.33479613065719604,-0.01418371661826631,0.5366884034851611,0.08418626911583091,0.12214196473360062,2.0655797411353327,0.3952816299918834,-0.06111681617768139,0.28566642700904804,0.3476991407522949,0.07569787186262826,0.016865110283562315,-0.04693309955941508,0.2967391035565998,0.4953885160705328,-0.09386619911883017,0.32085967283288613,1790845755.658,imu_frame,6.266224384307861,-0.027064375579357147,0.038122877000205335,progress=0.3888;speed=0.4500;settled=False
6086.328822,imu_sample,,,1790845755.698,,,,,,,,,,,,,,,,,,,,,1790845755.698,imu_frame,9.0051908493042,0.09437577426433563,0.0,
6086.347594,control_sample,left_arc_out,1,1790845755.916,odom,base_footprint,2.020064115524292,0.33479613065719604,-0.01418371661826631,0.5366884034851611,0.08418626911583091,0.12214196473360062,2.0711135309497313,0.4023335263806112,-0.06111681617768139,0.2697996601344098,0.36015016783469217,0.08466015967608527,0.016865110283562315,-0.04693309955941508,0.2856388050570387,0.5207527062566094,-0.09386619911883017,0.32085967283288613,1790845755.698,imu_frame,9.0051908493042,0.09437577426433563,0.017852484999821172,progress=0.3978;speed=0.4500;settled=False
6086.367433,control_sample,left_arc_out,1,1790845755.916,odom,base_footprint,2.020064115524292,0.33479613065719604,-0.01418371661826631,0.5366884034851611,0.08418626911583091,0.12214196473360062,2.0763418645080165,0.40964991178924637,-0.06111681617768139,0.25333779296498066,0.3719139183408341,0.09364973881672067,0.016865110283562315,-0.04693309955941508,0.27337239014236714,0.5456723140515273,-0.09386619911883017,0.32085967283288613,1790845755.698,imu_frame,9.0051908493042,0.09437577426433563,0.03783749100057321,progress=0.4068;speed=0.4500;settled=False
6086.387744,control_sample,left_arc_out,1,1790845756.023,odom,base_footprint,2.072660207748413,0.3538786470890045,-0.02077938249655901,0.48815583045217387,0.17347416755798162,-0.06107098236680031,2.081249783259109,0.41721619986921155,-0.06111681617768139,0.23631364478505873,0.38295673553079207,0.06391734036737962,0.03339970707900635,-0.04033743368112237,0.1879850632141898,0.5238786075279386,-0.08067486736224475,0.37394106308612723,1790845755.698,imu_frame,9.0051908493042,0.09437577426433563,0.05788067499997851,progress=0.4158;speed=0.4500;settled=False
6086.388624,imu_sample,,,1790845755.749,,,,,,,,,,,,,,,,,,,,,1790845755.749,imu_frame,15.234904289245605,0.02726411260664463,0.0,
6086.407622,control_sample,left_arc_out,1,1790845756.023,odom,base_footprint,2.072660207748413,0.3538786470890045,-0.02077938249655901,0.48815583045217387,0.17347416755798162,-0.06107098236680031,2.0857988292282887,0.42497308942579887,-0.06111681617768139,0.21886064328273785,0.39319208896144664,0.07229829254948714,0.03339970707900635,-0.04033743368112237,0.17337111816233786,0.5474978180784836,-0.08067486736224475,0.37394106308612723,1790845755.749,imu_frame,15.234904289245605,0.02726411260664463,0.018062891999761632,progress=0.4248;speed=0.4500;settled=False
6086.427653,control_sample,left_arc_out,1,1790845756.023,odom,base_footprint,2.072660207748413,0.3538786470890045,-0.02077938249655901,0.48815583045217387,0.17347416755798162,-0.06107098236680031,2.0900053452843332,0.4329481518036874,-0.06111681617768139,0.20091675293248923,0.4026567500875468,0.08094961625582449,0.03339970707900635,-0.04033743368112237,0.15766696598687485,0.5704966709698687,-0.08067486736224475,0.37394106308612723,1790845755.749,imu_frame,15.234904289245605,0.02726411260664463,0.03810114799944131,progress=0.4338;speed=0.4500;settled=False
6086.447638,control_sample,left_arc_out,1,1790845756.096,odom,base_footprint,2.103329658508301,0.37178680300712585,-0.03067289202494666,0.428402939567043,0.2444980406473918,-0.13740986585617065,2.0938343829571,0.44107370507431143,-0.06111681617768139,0.18263425807358488,0.41127208485127115,0.06993450547377164,0.04415974669244099,-0.03044392415273473,0.10235832294686283,0.5519560073057009,-0.06088784830546946,0.4058111921465549,1790845755.749,imu_frame,15.234904289245605,0.02726411260664463,0.058064040999852295,progress=0.4428;speed=0.4500;settled=False
6086.448452,imu_sample,,,1790845755.786,,,,,,,,,,,,,,,,,,,,,1790845755.786,imu_frame,16.637907028198242,0.06454836577177048,0.0,
6086.467529,control_sample,left_arc_out,1,1790845756.096,odom,base_footprint,2.103329658508301,0.37178680300712585,-0.03067289202494666,0.428402939567043,0.2444980406473918,-0.13740986585617065,2.097297333748417,0.44936969767293966,-0.06111681617768139,0.1639682747266714,0.41906372413173487,0.07781705781340918,0.04415974669244099,-0.03044392415273473,0.08449328298150997,0.5732120751687262,-0.06088784830546946,0.4058111921465549,1790845755.786,imu_frame,16.637907028198242,0.06454836577177048,0.018216528999801085,progress=0.4518;speed=0.4500;settled=False
6086.487675,control_sample,left_arc_out,1,1790845756.096,odom,base_footprint,2.103329658508301,0.37178680300712585,-0.03067289202494666,0.428402939567043,0.2444980406473918,-0.13740986585617065,2.1003904615026614,0.4578319570345786,-0.06111681617768139,0.14492819116298372,0.42602326157878473,0.086095339076201,0.04415974669244099,-0.03044392415273473,0.0656480344329133,0.5936885931766125,-0.06088784830546946,0.4058111921465549,1790845755.786,imu_frame,16.637907028198242,0.06454836577177048,0.038240095999753976,progress=0.4608;speed=0.4500;settled=False
6086.488889,imu_sample,,,1790845755.818,,,,,,,,,,,,,,,,,,,,,1790845755.818,imu_frame,15.775993347167969,-0.02919490449130535,0.0,
6086.507631,control_sample,left_arc_out,1,1790845756.096,odom,base_footprint,2.103329658508301,0.37178680300712585,-0.03067289202494666,0.428402939567043,0.2444980406473918,-0.13740986585617065,2.103094835186051,0.4664094775203525,-0.06111681617768139,0.12562877006999182,0.43210810236641145,0.09462296589110226,0.04415974669244099,-0.03044392415273473,0.04593575848414433,0.6132613517044472,-0.06088784830546946,0.4058111921465549,1790845755.818,imu_frame,15.775993347167969,-0.02919490449130535,0.01779017799981375,progress=0.4698;speed=0.4500;settled=False
6086.527645,control_sample,left_arc_out,1,1790845756.096,odom,base_footprint,2.103329658508301,0.37178680300712585,-0.03067289202494666,0.428402939567043,0.2444980406473918,-0.13740986585617065,2.105412477650721,0.4751066105494646,-0.06111681617768139,0.10606022075448959,0.43732279791191875,0.10334079913647831,0.04415974669244099,-0.03044392415273473,0.025347377006262085,0.6319420666838872,-0.06088784830546946,0.4058111921465549,1790845755.818,imu_frame,15.775993347167969,-0.02919490449130535,0.03779329700046219,progress=0.4788;speed=0.4500;settled=False
6086.547618,control_sample,left_arc_out,1,1790845756.193,odom,base_footprint,2.1358094215393066,0.4061740040779114,-0.035115816934886426,0.3364152113931596,0.3530159863600068,-0.045803338289260864,2.10733358754169,0.4838844422657394,-0.06111681617768139,0.08631009939287218,0.4416452951665992,0.08276342987820197,0.05298518836095145,-0.02600099924279496,-0.026641048662274607,0.5753561896114433,-0.05200199848558992,0.442395017495588,1790845755.818,imu_frame,15.775993347167969,-0.02919490449130535,0.057762975000514416,progress=0.4878;speed=0.4500;settled=False
6086.548485,imu_sample,,,1790845755.883,,,,,,,,,,,,,,,,,,,,,1790845755.883,imu_frame,13.329119682312012,0.08478838950395584,0.0,
6086.567438,control_sample,left_arc_out,1,1790845756.193,odom,base_footprint,2.1358094215393066,0.4061740040779114,-0.035115816934886426,0.3364152113931596,0.3530159863600068,-0.045803338289260864,2.1088608514191285,0.49275555661622017,-0.06111681617768139,0.06635009210429015,0.4450816388908357,0.09067850170501321,0.05298518836095145,-0.02600099924279496,-0.04890076045765574,0.5920152365319138,-0.05200199848558992,0.442395017495588,1790845755.883,imu_frame,13.329119682312012,0.08478838950395584,0.01817259100062074,progress=0.4968;speed=0.4500;settled=False
6086.587716,control_sample,left_arc_out,1,1790845756.193,odom,base_footprint,2.1358094215393066,0.4061740040779114,-0.035115816934886426,0.3364152113931596,0.3530159863600068,-0.045803338289260864,2.109990052796937,0.5017121201784797,-0.06111681617768139,0.046197824089206294,0.447622341990905,0.09896550626506251,0.05298518836095145,-0.02600099924279496,-0.07195453491087174,0.6076992089620824,-0.05200199848558992,0.442395017495588,1790845755.883,imu_frame,13.329119682312012,0.08478838950395584,0.03823532800015528,progress=0.5058;speed=0.4500;settled=False
6086.588925,imu_sample,,,1790845755.927,,,,,,,,,,,,,,,,,,,,,1790845755.927,imu_frame,11.782464981079102,0.22646856307983398,0.0,
6086.607549,segment_enter,west_to_cell_center,2,1790845756.193,,,2.1358094215393066,0.4061740040779114,-0.035115816934886426,,,,,,,,,,,,,,,,,,,,,
6086.607669,control_sample,west_to_cell_center,2,1790845756.193,odom,base_footprint,2.1358094215393066,0.4061740040779114,-0.035115816934886426,0.3364152113931596,0.3530159863600068,-0.045803338289260864,2.1107121648208667,0.5106625519460453,-0.06111681617768139,0.027571503972950037,0.45056611557422044,0.10746035980947853,0.05298518836095145,-0.02600099924279496,-0.09380521692348678,0.6239002259281916,-0.05200199848558992,0.442395017495588,1790845755.927,imu_frame,11.782464981079102,0.22646856307983398,0.01774787300018943,progress=0.5148;speed=0.4514;settled=False
6086.627610,control_sample,west_to_cell_center,2,1790845756.193,odom,base_footprint,2.1358094215393066,0.4061740040779114,-0.035115816934886426,0.3364152113931596,0.3530159863600068,-0.045803338289260864,2.111275882955008,0.5198746823480681,-0.06111681617768139,0.02879323284901027,0.47053128085905127,0.11631740520902696,0.05298518836095145,-0.02600099924279496,-0.09282126651587264,0.6617344897026796,-0.05200199848558992,0.442395017495588,1790845755.927,imu_frame,11.782464981079102,0.22646856307983398,0.037750383999991755,progress=0.5240;speed=0.4714;settled=False
6086.647458,control_sample,west_to_cell_center,2,1790845756.3,odom,base_footprint,2.161424398422241,0.452942430973053,-0.0367647300470593,0.2378887051932265,0.4326492829389923,-0.015267734415829182,2.1118633202838133,0.5294744254612095,-0.06111681617768139,0.03001349968247096,0.49047255383624716,0.09117810398653053,0.059811979989355356,-0.024352086130622085,-0.10851778109084607,0.6132608804557342,-0.04870417226124417,0.47707124118935573,1790845755.927,imu_frame,11.782464981079102,0.22646856307983398,0.057728958000552666,progress=0.5336;speed=0.4914;settled=False
6086.648206,imu_sample,,,1790845755.938,,,,,,,,,,,,,,,,,,,,,1790845755.938,imu_frame,6.678027153015137,0.04537360742688179,0.0,
6086.667607,control_sample,west_to_cell_center,2,1790845756.3,odom,base_footprint,2.161424398422241,0.452942430973053,-0.0367647300470593,0.2378887051932265,0.4326492829389923,-0.015267734415829182,2.1124727191968637,0.539433058887863,-0.06111681617768139,0.030539387681684214,0.49906647432985096,0.09938257199369697,0.059811979989355356,-0.024352086130622085,-0.10790178565072689,0.6385512668845292,-0.04870417226124417,0.47707124118935573,1790845755.938,imu_frame,6.678027153015137,0.04537360742688179,0.018477786000403285,progress=0.5436;speed=0.5000;settled=False
6086.687598,control_sample,west_to_cell_center,2,1790845756.3,odom,base_footprint,2.161424398422241,0.452942430973053,-0.0367647300470593,0.2378887051932265,0.4326492829389923,-0.015267734415829182,2.113083383296518,0.5494123676543331,-0.06111681617768139,0.030539387681684214,0.49906647432985096,0.10790413535483978,0.059811979989355356,-0.024352086130622085,-0.10753661440501994,0.6535437835740115,-0.04870417226124417,0.47707124118935573,1790845755.938,imu_frame,6.678027153015137,0.04537360742688179,0.03847373700045864,progress=0.5536;speed=0.5000;settled=False
6086.708256,control_sample,west_to_cell_center,2,1790845756.366,odom,base_footprint,2.1743226051330566,0.4834807813167572,-0.03577232822384354,0.19796650701463406,0.47001735187479055,0.015267712064087391,2.1136950178157425,0.5594075347568717,-0.06111681617768139,0.030539387681684214,0.49906647432985096,0.09716262775303311,0.06613621309943554,-0.025344487953837848,-0.11595734688250886,0.6150127107947054,-0.050688975907675696,0.4978285199910231,1790845755.938,imu_frame,6.678027153015137,0.04537360742688179,0.05850146400007361,progress=0.5636;speed=0.5000;settled=False
6086.709121,imu_sample,,,1790845756.031,,,,,,,,,,,,,,,,,,,,,1790845756.031,imu_frame,12.017096519470215,0.036851491779088974,0.0,
6086.727639,control_sample,west_to_cell_center,2,1790845756.366,odom,base_footprint,2.1743226051330566,0.4834807813167572,-0.03577232822384354,0.19796650701463406,0.47001735187479055,0.015267712064087391,2.114305265571925,0.569380039750107,-0.06111681617768139,0.030539387681684214,0.49906647432985096,0.10478913897630596,0.06613621309943554,-0.025344487953837848,-0.11557755633147926,0.6299946362386,-0.050688975907675696,0.4978285199910231,1790845756.031,imu_frame,12.017096519470215,0.036851491779088974,0.01756777099944884,progress=0.5736;speed=0.5000;settled=False
6086.747618,control_sample,west_to_cell_center,2,1790845756.366,odom,base_footprint,2.1743226051330566,0.4834807813167572,-0.03577232822384354,0.19796650701463406,0.47001735187479055,0.015267712064087391,2.1149160273670895,0.5793609450303658,-0.06111681617768139,0.030539387681684214,0.49906647432985096,0.11279249653949634,0.06613621309943554,-0.025344487953837848,-0.1151974458658801,0.6449891816284339,-0.050688975907675696,0.4978285199910231,1790845756.031,imu_frame,12.017096519470215,0.036851491779088974,0.03756692099977954,progress=0.5836;speed=0.5000;settled=False
6086.749258,imu_sample,,,1790845756.066,,,,,,,,,,,,,,,,,,,,,1790845756.066,imu_frame,3.0771477222442627,-0.16448348760604858,0.0,
6086.767792,control_sample,west_to_cell_center,2,1790845756.366,odom,base_footprint,2.1743226051330566,0.4834807813167572,-0.03577232822384354,0.19796650701463406,0.47001735187479055,0.015267712064087391,2.1155240102137145,0.5892964374796825,-0.06111681617768139,0.029995091980798867,0.49017174011759107,0.12105464821178624,0.06613621309943554,-0.025344487953837848,-0.1150900608761893,0.6492252899385953,-0.050688975907675696,0.4978285199910231,1790845756.066,imu_frame,3.0771477222442627,-0.16448348760604858,0.017419477999283117,progress=0.5936;speed=0.4911;settled=False
6086.787700,control_sample,west_to_cell_center,2,1790845756.366,odom,base_footprint,2.1743226051330566,0.4834807813167572,-0.03577232822384354,0.19796650701463406,0.47001735187479055,0.015267712064087391,2.1161122804743977,0.5989097921419413,-0.06111681617768139,0.02877227639110523,0.4701888160503222,0.1292760551569661,0.06613621309943554,-0.025344487953837848,-0.11533276813292914,0.6396510074418152,-0.050688975907675696,0.4978285199910231,1790845756.066,imu_frame,3.0771477222442627,-0.16448348760604858,0.03743978100010281,progress=0.6032;speed=0.4711;settled=False
6086.807742,control_sample,west_to_cell_center,2,1790845756.472,odom,base_footprint,2.1841564178466797,0.539110541343689,-0.03739070799138498,0.09361997422637128,0.5246582109769846,-0.015267756767570972,2.1166760669516904,0.6081230393893986,-0.06111681617768139,0.02754946666502312,0.4502059878046187,0.09652109947270573,0.0715695604808056,-0.023726108186296405,-0.10696713408069498,0.5352097306650752,-0.04745221637259281,0.5262199765198513,1790845756.066,imu_frame,3.0771477222442627,-0.16448348760604858,0.057459988000118756,progress=0.6124;speed=0.4510;settled=False
6086.808652,imu_sample,,,1790845756.109,,,,,,,,,,,,,,,,,,,,,1790845756.109,imu_frame,4.690839767456055,0.15296532213687897,0.0,
6086.827697,control_sample,west_to_cell_center,2,1790845756.472,odom,base_footprint,2.1841564178466797,0.539110541343689,-0.03739070799138498,0.09361997422637128,0.5246582109769846,-0.015267756767570972,2.117214563715088,0.6169230089221269,-0.06111681617768139,0.026328533340014674,0.430253823201488,0.10264498012674923,0.0715695604808056,-0.023726108186296405,-0.10722246800497402,0.5244500220386176,-0.04745221637259281,0.5262199765198513,1790845756.109,imu_frame,4.690839767456055,0.15296532213687897,0.018053867000162427,progress=0.6213;speed=0.4311;settled=False
6086.847581,control_sample,west_to_cell_center,2,1790845756.472,odom,base_footprint,2.1841564178466797,0.539110541343689,-0.03739070799138498,0.09361997422637128,0.5246582109769846,-0.015267756767570972,2.1177285092246434,0.6253217684560368,-0.06111681617768139,0.025107953783253797,0.41030743978407985,0.1088349333813111,0.0715695604808056,-0.023726108186296405,-0.1074919411334135,0.5130944908342869,-0.04745221637259281,0.5262199765198513,1790845756.109,imu_frame,4.690839767456055,0.15296532213687897,0.038037561000237474,progress=0.6297;speed=0.4111;settled=False
6086.848760,imu_sample,,,1790845756.159,,,,,,,,,,,,,,,,,,,,,1790845756.159,imu_frame,12.419322967529297,-0.12506870925426483,0.0,
6086.867539,control_sample,west_to_cell_center,2,1790845756.472,odom,base_footprint,2.1841564178466797,0.539110541343689,-0.03739070799138498,0.09361997422637128,0.5246582109769846,-0.015267756767570972,2.1182182373503693,0.6333247740052568,-0.06111681617768139,0.023886928534688417,0.39035377299086116,0.11499637073913263,0.0715695604808056,-0.023726108186296405,-0.10777573157233636,0.5011356316955887,-0.04745221637259281,0.5262199765198513,1790845756.159,imu_frame,12.419322967529297,-0.12506870925426483,0.017920807999871613,progress=0.6377;speed=0.3911;settled=False
6086.887469,control_sample,west_to_cell_center,2,1790845756.472,odom,base_footprint,2.1841564178466797,0.539110541343689,-0.03739070799138498,0.09361997422637128,0.5246582109769846,-0.015267756767570972,2.1186834486022836,0.6409271313848951,-0.06111681617768139,0.022666192616249674,0.3704048343528931,0.12105093022896052,0.0715695604808056,-0.023726108186296405,-0.10807367121930683,0.4885805284176902,-0.04745221637259281,0.5262199765198513,1790845756.159,imu_frame,12.419322967529297,-0.12506870925426483,0.037907062000158476,progress=0.6453;speed=0.3711;settled=False
6086.907627,control_sample,west_to_cell_center,2,1790845756.547,odom,base_footprint,2.1866774559020996,0.5809246301651001,-0.03853578840412452,0.03425169397368892,0.5574821077683465,-0.015267712064087391,2.119124738869339,0.6481385784522313,-0.06111681617768139,0.02144409824482992,0.35043369624102455,0.0952947240032385,0.07153193829059841,-0.022581027773556868,-0.09817507629160173,0.4063643082716456,-0.045162055547113736,0.5460684079049373,1790845756.159,imu_frame,12.419322967529297,-0.12506870925426483,0.05791555699943274,progress=0.6525;speed=0.3511;settled=False
6086.908442,imu_sample,,,1790845756.218,,,,,,,,,,,,,,,,,,,,,1790845756.218,imu_frame,7.70274543762207,0.13379055261611938,0.0,
6086.927770,control_sample,west_to_cell_center,2,1790845756.547,odom,base_footprint,2.1866774559020996,0.5809246301651001,-0.03853578840412452,0.03425169397368892,0.5574821077683465,-0.015267712064087391,2.119543715912385,0.654985388803424,-0.06111681617768139,0.02021554204429619,0.33035696065263664,0.09995966694167538,0.07153193829059841,-0.022581027773556868,-0.09848774550394522,0.39252011703131756,-0.045162055547113736,0.5460684079049373,1790845756.218,imu_frame,7.70274543762207,0.13379055261611938,0.018348470000091766,progress=0.6594;speed=0.3310;settled=False
6086.947630,control_sample,west_to_cell_center,2,1790845756.547,odom,base_footprint,2.1866774559020996,0.5809246301651001,-0.03853578840412452,0.03425169397368892,0.5574821077683465,-0.015267712064087391,2.1199338397604297,0.661360687988364,-0.06111681617768139,0.01900030437618017,0.31049787294528136,0.10452114472112346,0.07153193829059841,-0.022581027773556868,-0.0988105058556267,0.3782291160083062,-0.045162055547113736,0.5460684079049373,1790845756.218,imu_frame,7.70274543762207,0.13379055261611938,0.03824470499966992,progress=0.6658;speed=0.3111;settled=False
6086.948863,imu_sample,,,1790845756.258,,,,,,,,,,,,,,,,,,,,,1790845756.258,imu_frame,6.577470779418945,-0.07926233112812042,0.0,
6086.967573,control_sample,west_to_cell_center,2,1790845756.547,odom,base_footprint,2.1866774559020996,0.5809246301651001,-0.03853578840412452,0.03425169397368892,0.5574821077683465,-0.015267712064087391,2.1203014875410804,0.6673686893142958,-0.06111681617768139,0.01777921859849414,0.29054321700142377,0.10898781830118756,0.07153193829059841,-0.022581027773556868,-0.09914832362248907,0.36327141123861223,-0.045162055547113736,0.5460684079049373,1790845756.258,imu_frame,6.577470779418945,-0.07926233112812042,0.01781501100049354,progress=0.6718;speed=0.2911;settled=False
6086.987746,control_sample,west_to_cell_center,2,1790845756.547,odom,base_footprint,2.1866774559020996,0.5809246301651001,-0.03853578840412452,0.03425169397368892,0.5574821077683465,-0.015267712064087391,2.1206454937806285,0.6729903469227599,-0.06111681617768139,0.016555290825448248,0.2705421179324095,0.11329746786099433,0.07153193829059841,-0.022581027773556868,-0.09950051153765306,0.34767743313787147,-0.045162055547113736,0.5460684079049373,1790845756.258,imu_frame,6.577470779418945,-0.07926233112812042,0.0378535230001944,progress=0.6774;speed=0.2710;settled=False
6087.007572,control_sample,west_to_cell_center,2,1790845756.636,odom,base_footprint,2.1860978603363037,0.6306804418563843,-0.039894615777490816,-0.005753801065364134,0.5590621379072416,-0.015267712064087391,2.120963677889764,0.678190026208711,-0.06111681617768139,0.01533652707959003,0.25062540800926675,0.08062023522857006,0.06791440081416651,-0.021222200400190572,-0.08846242376364502,0.25687859459038503,-0.042444400800381143,0.5697284626973173,1790845756.258,imu_frame,6.577470779418945,-0.07926233112812042,0.057807488000435114,progress=0.6826;speed=0.2511;settled=False
6087.008383,imu_sample,,,1790845756.311,,,,,,,,,,,,,,,,,,,,,1790845756.311,imu_frame,9.77133560180664,0.19983695447444916,0.0,
6087.028564,control_sample,west_to_cell_center,2,1790845756.636,odom,base_footprint,2.1860978603363037,0.6306804418563843,-0.039894615777490816,-0.005753801065364134,0.5590621379072416,-0.015267712064087391,2.1212597445281793,0.6830282677262172,-0.06111681617768139,0.014108234739408535,0.23055298435591426,0.08333232346962428,0.06791440081416651,-0.021222200400190572,-0.088820224987921,0.2400213648876217,-0.042444400800381143,0.5697284626973173,1790845756.311,imu_frame,9.77133560180664,0.19983695447444916,0.018397239000478294,progress=0.6875;speed=0.2310;settled=False
6087.047643,control_sample,west_to_cell_center,2,1790845756.636,odom,base_footprint,2.1860978603363037,0.6306804418563843,-0.039894615777490816,-0.005753801065364134,0.5590621379072416,-0.015267712064087391,2.1215284644730716,0.6874196169201573,-0.06111681617768139,0.012892482971205337,0.21068549536295908,0.08595662201983191,0.06791440081416651,-0.021222200400190572,-0.08918704944329825,0.2227390201516265,-0.042444400800381143,0.5697284626973173,1790845756.311,imu_frame,9.77133560180664,0.19983695447444916,0.03830189100062853,progress=0.6919;speed=0.2111;settled=False
6087.049022,imu_sample,,,1790845756.346,,,,,,,,,,,,,,,,,,,,,1790845756.346,imu_frame,6.773795127868652,0.3191465735435486,0.0,
6087.068480,control_sample,west_to_cell_center,2,1790845756.636,odom,base_footprint,2.1860978603363037,0.6306804418563843,-0.039894615777490816,-0.005753801065364134,0.5590621379072416,-0.015267712064087391,2.1217744615348195,0.6914396348583614,-0.06111681617768139,0.011669006753519923,0.19069177549041294,0.08848264896365997,0.06791440081416651,-0.021222200400190572,-0.08956893626822317,0.20474703607933667,-0.042444400800381143,0.5697284626973173,1790845756.346,imu_frame,6.773795127868652,0.3191465735435486,0.01770639900041715,progress=0.6959;speed=0.1910;settled=False
6087.087754,control_sample,west_to_cell_center,2,1790845756.636,odom,base_footprint,2.1860978603363037,0.6306804418563843,-0.039894615777490816,-0.005753801065364134,0.5590621379072416,-0.015267712064087391,2.1219957036315633,0.695055113804637,-0.06111681617768139,0.010446976881271459,0.17072169140668497,0.09084704113312801,0.06791440081416651,-0.021222200400190572,-0.0899631210197545,0.18617565495747831,-0.042444400800381143,0.5697284626973173,1790845756.346,imu_frame,6.773795127868652,0.3191465735435486,0.0377138379999451,progress=0.6995;speed=0.1710;settled=False
6087.108539,control_sample,west_to_cell_center,2,1790845756.753,odom,base_footprint,2.18222975730896,0.6908442378044128,-0.03810828064231738,-0.03397967345052137,0.5141607861827069,0.015267801471054554,2.122192280224289,0.6982675157064064,-0.06111681617768139,0.009226375824786819,0.15077495664656335,0.060494658520423066,0.060378788756047214,-0.023008535535364007,-0.07553590070875714,0.08641760296387442,-0.04601707107072801,0.6000474896228583,1790845756.346,imu_frame,6.773795127868652,0.3191465735435486,0.057697883999935584,progress=0.7028;speed=0.1511;settled=False
6087.109789,imu_sample,,,1790845756.438,,,,,,,,,,,,,,,,,,,,,1790845756.438,imu_frame,4.8488569259643555,-0.05795704573392868,0.0,
6087.128883,control_sample,west_to_cell_center,2,1790845756.753,odom,base_footprint,2.18222975730896,0.6908442378044128,-0.03810828064231738,-0.03397967345052137,0.5141607861827069,0.015267801471054554,2.122364634370277,0.7010840808867786,-0.06111681617768139,0.008004476905381074,0.13080701255903313,0.06073456454783481,0.060378788756047214,-0.023008535535364007,-0.07599082222562908,0.06664923326637899,-0.04601707107072801,0.6000474896228583,1790845756.438,imu_frame,4.8488569259643555,-0.05795704573392868,0.016932933000134653,progress=0.7056;speed=0.1311;settled=False
6087.148107,control_sample,west_to_cell_center,2,1790845756.753,odom,base_footprint,2.18222975730896,0.6908442378044128,-0.03810828064231738,-0.03397967345052137,0.5141607861827069,0.015267801471054554,2.122512321993931,0.7034975523816038,-0.06111681617768139,0.006784577521891146,0.11087174435060708,0.061043250653893086,0.060378788756047214,-0.023008535535364007,-0.07645877663186268,0.04631452637538916,-0.04601707107072801,0.6000474896228583,1790845756.438,imu_frame,4.8488569259643555,-0.05795704573392868,0.03690549099974305,progress=0.7080;speed=0.1111;settled=False
6087.168482,control_sample,west_to_cell_center,2,1790845756.816,odom,base_footprint,2.1797189712524414,0.7219644784927368,-0.03714641360218131,-0.040327630480819845,0.49393359420408994,0.015267801471054554,2.1226359153497034,0.7055172818194955,-0.06111681617768139,0.005561711114693865,0.09088798983733709,0.05940526533568714,0.05814761991401674,-0.02397040257550008,-0.07030161899393139,-0.017014515973411557,-0.04794080515100016,0.6170611696098951,1790845756.438,imu_frame,4.8488569259643555,-0.05795704573392868,0.056926625999949465,progress=0.7100;speed=0.0911;settled=False
6087.169994,imu_sample,,,1790845756.48,,,,,,,,,,,,,,,,,,,,,1790845756.48,imu_frame,-0.557250440120697,0.0112851457670331,0.0,
6087.189086,control_sample,west_to_cell_center,2,1790845756.816,odom,base_footprint,2.1797189712524414,0.7219644784927368,-0.03714641360218131,-0.040327630480819845,0.49393359420408994,0.015267801471054554,2.1227350594078884,0.707137467400323,-0.06111681617768139,0.004338367804406863,0.07089644190181303,0.05888129131602285,0.05814761991401674,-0.02397040257550008,-0.07081932788632998,-0.03860821811825069,-0.04794080515100016,0.6170611696098951,1790845756.48,imu_frame,-0.557250440120697,0.0112851457670331,0.016752063000240014,progress=0.7116;speed=0.0710;settled=False
6087.207939,control_sample,west_to_cell_center,2,1790845756.816,odom,base_footprint,2.1797189712524414,0.7219644784927368,-0.03714641360218131,-0.040327630480819845,0.49393359420408994,0.015267801471054554,2.122809500604994,0.7083539654575743,-0.06111681617768139,0.003118955096618466,0.05096912681703953,0.05851439066121254,0.05814761991401674,-0.02397040257550008,-0.07134972646193227,-0.060731208524191116,-0.04794080515100016,0.6170611696098951,1790845756.48,imu_frame,-0.557250440120697,0.0112851457670331,0.0367166529995302,progress=0.7129;speed=0.0511;settled=False
6087.209461,imu_sample,,,1790845756.498,,,,,,,,,,,,,,,,,,,,,1790845756.498,imu_frame,19.409793853759766,0.08478838950395584,0.0,
6087.229071,control_sample,west_to_cell_center,2,1790845756.816,odom,base_footprint,2.1797189712524414,0.7219644784927368,-0.03714641360218131,-0.040327630480819845,0.49393359420408994,0.015267801471054554,2.122859631607842,0.7091731928470323,-0.06111681617768139,0.0018984204938052565,0.03102347802497505,0.058280369707903464,0.05814761991401674,-0.02397040257550008,-0.0718949627883935,-0.08347308335966834,-0.04794080515100016,0.6170611696098951,1790845756.498,imu_frame,19.409793853759766,0.08478838950395584,0.017225456000232953,progress=0.7137;speed=0.0311;settled=False
6087.247488,control_sample,west_to_cell_center,2,1790845756.816,odom,base_footprint,2.1797189712524414,0.7219644784927368,-0.03714641360218131,-0.040327630480819845,0.49393359420408994,0.015267801471054554,2.1228853616036245,0.7095936655301587,-0.06111681617768139,0.0006788866667807538,0.011094183642162997,0.058164389441213805,0.05814761991401674,-0.02397040257550008,-0.07245409076348994,-0.10679438058357738,-0.04794080515100016,0.6170611696098951,1790845756.498,imu_frame,19.409793853759766,0.08478838950395584,0.03719202899992524,progress=0.7141;speed=0.0111;settled=False
6087.268321,segment_enter,east_back_to_arc,3,1790845756.909,,,2.174703598022461,0.7594049572944641,-0.030046909142446506,,,,,,,,,,,,,,,,,,,,,
6087.268540,control_sample,east_back_to_arc,3,1790845756.909,odom,base_footprint,2.174703598022461,0.7594049572944641,-0.030046909142446506,-0.05678511058704806,0.40219289027459615,0.0763387382030487,2.122886693418281,0.7096154296877106,-0.06111681617768139,-0.0005460731543338673,-0.008923780879307865,0.07186089800484244,0.07183150375853267,-0.03106990703523488,-0.062011398334540745,-0.16777010415452215,-0.06213981407046976,0.6374639112134416,1790845756.498,imu_frame,19.409793853759766,0.08478838950395584,0.057247437999649264,progress=0.7142;speed=0.0089;settled=False
6087.269638,imu_sample,,,1790845756.587,,,,,,,,,,,,,,,,,,,,,1790845756.587,imu_frame,1.669357180595398,0.0006325007416307926,0.0,
6087.288593,control_sample,east_back_to_arc,3,1790845756.909,odom,base_footprint,2.174703598022461,0.7594049572944641,-0.030046909142446506,-0.05678511058704806,0.40219289027459615,0.0763387382030487,2.1228635319015576,0.7092369303997859,-0.06111681617768139,-0.0017684880672210245,-0.02890015719377826,0.07214030342273858,0.07183150375853267,-0.03106990703523488,-0.06277513850673623,-0.19234354106319737,-0.06213981407046976,0.6374639112134416,1790845756.587,imu_frame,1.669357180595398,0.0006325007416307926,0.017090634999476606,progress=0.7146;speed=0.0290;settled=False
6087.307919,control_sample,east_back_to_arc,3,1790845756.909,odom,base_footprint,2.174703598022461,0.7594049572944641,-0.030046909142446506,-0.05678511058704806,0.40219289027459615,0.0763387382030487,2.122816015412414,0.7084604286913461,-0.06111681617768139,-0.002988653204512974,-0.04883976827948779,0.07271634083002511,0.07183150375853267,-0.03106990703523488,-0.06355608613911536,-0.21747063018577453,-0.06213981407046976,0.6374639112134416,1790845756.587,imu_frame,1.669357180595398,0.0006325007416307926,0.03706754399991041,progress=0.7154;speed=0.0489;settled=False
6087.309337,imu_sample,,,1790845756.62,,,,,,,,,,,,,,,,,,,,,1790845756.62,imu_frame,6.845621109008789,0.09757156670093536,0.0,
6087.329047,control_sample,east_back_to_arc,3,1790845756.909,odom,base_footprint,2.174703598022461,0.7594049572944641,-0.030046909142446506,-0.05678511058704806,0.40219289027459615,0.0763387382030487,2.122740666897093,0.7072291034834159,-0.06111681617768139,-0.004258689711560109,-0.0695943639003538,0.073637394929829,0.07183150375853267,-0.03106990703523488,-0.06438870472333004,-0.24426023873730177,-0.06213981407046976,0.6374639112134416,1790845756.62,imu_frame,6.845621109008789,0.09757156670093536,0.018155599000238,progress=0.7166;speed=0.0697;settled=False
6087.347673,control_sample,east_back_to_arc,3,1790845756.909,odom,base_footprint,2.174703598022461,0.7594049572944641,-0.030046909142446506,-0.05678511058704806,0.40219289027459615,0.0763387382030487,2.122647643823409,0.7057089453879568,-0.06111681617768139,-0.005431381859308634,-0.08875818413641431,0.07478692440686119,0.07183150375853267,-0.03106990703523488,-0.06517539565905721,-0.26957211937353903,-0.06213981407046976,0.6374639112134416,1790845756.62,imu_frame,6.845621109008789,0.09757156670093536,0.037355266000304255,progress=0.7181;speed=0.0889;settled=False
6087.368632,emergency_zero,,,,,,,,,,,,,,,,,,,,0.0,0.0,0.0,,,,,,,
6087.389261,emergency_zero,,,,,,,,,,,,,,,,,,,,0.0,0.0,0.0,,,,,,,
6087.409792,emergency_zero,,,,,,,,,,,,,,,,,,,,0.0,0.0,0.0,,,,,,,
6087.430277,emergency_zero,,,,,,,,,,,,,,,,,,,,0.0,0.0,0.0,,,,,,,
6087.450789,emergency_zero,,,,,,,,,,,,,,,,,,,,0.0,0.0,0.0,,,,,,,
6087.471366,emergency_zero,,,,,,,,,,,,,,,,,,,,0.0,0.0,0.0,,,,,,,
6087.491898,emergency_zero,,,,,,,,,,,,,,,,,,,,0.0,0.0,0.0,,,,,,,
6087.512521,emergency_zero,,,,,,,,,,,,,,,,,,,,0.0,0.0,0.0,,,,,,,
6087.533149,emergency_zero,,,,,,,,,,,,,,,,,,,,0.0,0.0,0.0,,,,,,,
6087.553668,emergency_zero,,,,,,,,,,,,,,,,,,,,0.0,0.0,0.0,,,,,,,
6087.574133,emergency_zero,,,,,,,,,,,,,,,,,,,,0.0,0.0,0.0,,,,,,,
6087.594616,emergency_zero,,,,,,,,,,,,,,,,,,,,0.0,0.0,0.0,,,,,,,
6087.615112,emergency_zero,,,,,,,,,,,,,,,,,,,,0.0,0.0,0.0,,,,,,,
6087.635610,emergency_zero,,,,,,,,,,,,,,,,,,,,0.0,0.0,0.0,,,,,,,
6087.656169,emergency_zero,,,,,,,,,,,,,,,,,,,,0.0,0.0,0.0,,,,,,,
6087.676759,emergency_zero,,,,,,,,,,,,,,,,,,,,0.0,0.0,0.0,,,,,,,
6087.697302,emergency_zero,,,,,,,,,,,,,,,,,,,,0.0,0.0,0.0,,,,,,,
6087.718728,emergency_zero,,,,,,,,,,,,,,,,,,,,0.0,0.0,0.0,,,,,,,
6087.739396,emergency_zero,,,,,,,,,,,,,,,,,,,,0.0,0.0,0.0,,,,,,,
6087.760033,emergency_zero,,,,,,,,,,,,,,,,,,,,0.0,0.0,0.0,,,,,,,
6087.780631,emergency_zero,,,,,,,,,,,,,,,,,,,,0.0,0.0,0.0,,,,,,,
6087.801219,emergency_zero,,,,,,,,,,,,,,,,,,,,0.0,0.0,0.0,,,,,,,
6087.821724,emergency_zero,,,,,,,,,,,,,,,,,,,,0.0,0.0,0.0,,,,,,,
6087.842317,emergency_zero,,,,,,,,,,,,,,,,,,,,0.0,0.0,0.0,,,,,,,
6087.862889,emergency_zero,,,,,,,,,,,,,,,,,,,,0.0,0.0,0.0,,,,,,,
6087.868438,trial_stop,,,1790845756.999,,,2.167454719543457,0.7855651378631592,-0.031421008503401786,,,,,,,,,,,,,,,,,,,,,geometric_corridor_envelope
