monotonic_s,record_type,segment,primitive_index,phase,source_stamp_s,frame_id,child_frame_id,pose_x_m,pose_y_m,pose_yaw_rad,world_vx_mps,world_vy_mps,odom_wz_radps,ref_x_m,ref_y_m,measured_progress_m,reference_progress_m,ref_yaw_rad,ref_vx_mps,ref_vy_mps,position_error_m,corridor_error_m,yaw_error_rad,cmd_vx_mps,cmd_vy_mps,cmd_wz_radps,displacement_from_start_m,imu_source_stamp_s,imu_frame_id,imu_acc_z_mps2,imu_wz_radps,imu_bias_corrected_wz_radps,imu_relative_yaw_rad,imu_bias_radps,imu_receipt_age_s,yaw_source,control_yaw_rad,control_yaw_rate_radps,reason
13350.916432,imu_sample,,,,1790853020.298,,,,,,,,,,,,,,,,,,,,,,,1790853020.298,imu_frame,9.73781681060791,-0.006058691535145044,,,,0.0,odom,,,
13350.918007,imu_sample,,,,1790853020.371,,,,,,,,,,,,,,,,,,,,,,,1790853020.371,imu_frame,9.910199165344238,0.0003328951424919069,,,,0.0,odom,,,
13350.918666,imu_sample,,,,1790853020.378,,,,,,,,,,,,,,,,,,,,,,,1790853020.378,imu_frame,9.910199165344238,0.0003328951424919069,,,,0.0,odom,,,
13350.919161,imu_sample,,,,1790853020.418,,,,,,,,,,,,,,,,,,,,,,,1790853020.418,imu_frame,9.876680374145508,0.003528688568621874,,,,0.0,odom,,,
13350.919607,imu_sample,,,,1790853020.481,,,,,,,,,,,,,,,,,,,,,,,1790853020.481,imu_frame,9.972448348999023,-0.00392816262319684,,,,0.0,odom,,,
13350.920049,imu_sample,,,,1790853020.512,,,,,,,,,,,,,,,,,,,,,,,1790853020.512,imu_frame,9.881468772888184,0.0013981596566736698,,,,0.0,odom,,,
13350.920829,imu_sample,,,,1790853020.546,,,,,,,,,,,,,,,,,,,,,,,1790853020.546,imu_frame,9.77133560180664,0.0013981596566736698,,,,0.0,odom,,,
13350.925273,imu_sample,,,,1790853020.578,,,,,,,,,,,,,,,,,,,,,,,1790853020.578,imu_frame,9.876680374145508,-0.004993427079170942,,,,0.0,odom,,,
13350.927409,imu_sample,,,,1790853020.651,,,,,,,,,,,,,,,,,,,,,,,1790853020.651,imu_frame,9.819219589233398,-0.00392816262319684,,,,0.0,odom,,,
13350.929380,imu_sample,,,,1790853020.658,,,,,,,,,,,,,,,,,,,,,,,1790853020.658,imu_frame,9.819219589233398,-0.00392816262319684,,,,0.0,odom,,,
13350.943434,imu_sample,,,,1790853020.698,,,,,,,,,,,,,,,,,,,,,,,1790853020.698,imu_frame,9.790489196777344,0.00672448193654418,,,,0.0,odom,,,
13351.001929,imu_sample,,,,1790853020.757,,,,,,,,,,,,,,,,,,,,,,,1790853020.757,imu_frame,9.824007987976074,0.0003328951424919069,,,,0.0,odom,,,
13351.033516,imu_sample,,,,1790853020.788,,,,,,,,,,,,,,,,,,,,,,,1790853020.788,imu_frame,9.79527759552002,0.015246597118675709,,,,0.0,odom,,,
13351.063079,imu_sample,,,,1790853020.818,,,,,,,,,,,,,,,,,,,,,,,1790853020.818,imu_frame,9.800065994262695,0.003528688568621874,,,,0.0,odom,,,
13351.103288,imu_sample,,,,1790853020.858,,,,,,,,,,,,,,,,,,,,,,,1790853020.858,imu_frame,9.86231517791748,-0.00392816262319684,,,,0.0,odom,,,
13351.177719,imu_sample,,,,1790853020.933,,,,,,,,,,,,,,,,,,,,,,,1790853020.933,imu_frame,9.857526779174805,-0.0017976337112486362,,,,0.0,odom,,,
13351.185207,imu_sample,,,,1790853020.94,,,,,,,,,,,,,,,,,,,,,,,1790853020.94,imu_frame,9.881468772888184,0.0003328951424919069,,,,0.0,odom,,,
13351.223693,imu_sample,,,,1790853020.978,,,,,,,,,,,,,,,,,,,,,,,1790853020.978,imu_frame,9.86231517791748,-0.0028628981672227383,,,,0.0,odom,,,
13351.282044,imu_sample,,,,1790853021.037,,,,,,,,,,,,,,,,,,,,,,,1790853021.037,imu_frame,9.852738380432129,-0.007123955991119146,,,,0.0,odom,,,
13351.313385,imu_sample,,,,1790853021.068,,,,,,,,,,,,,,,,,,,,,,,1790853021.068,imu_frame,9.776124000549316,-0.01031974982470274,,,,0.0,odom,,,
13351.343497,imu_sample,,,,1790853021.098,,,,,,,,,,,,,,,,,,,,,,,1790853021.098,imu_frame,9.88625717163086,-0.007123955991119146,,,,0.0,odom,,,
13351.384055,imu_sample,,,,1790853021.138,,,,,,,,,,,,,,,,,,,,,,,1790853021.138,imu_frame,9.857526779174805,-0.017776601016521454,,,,0.0,odom,,,
13351.454612,imu_sample,,,,1790853021.209,,,,,,,,,,,,,,,,,,,,,,,1790853021.209,imu_frame,9.685144424438477,0.002463424112647772,,,,0.0,odom,,,
13351.463371,imu_sample,,,,1790853021.218,,,,,,,,,,,,,,,,,,,,,,,1790853021.218,imu_frame,9.79527759552002,-0.007123955991119146,,,,0.0,odom,,,
13351.510715,imu_sample,,,,1790853021.266,,,,,,,,,,,,,,,,,,,,,,,1790853021.266,imu_frame,9.876680374145508,-0.0028628981672227383,,,,0.0,odom,,,
13351.561260,imu_sample,,,,1790853021.316,,,,,,,,,,,,,,,,,,,,,,,1790853021.316,imu_frame,9.742605209350586,0.005659217480570078,,,,0.0,odom,,,
13351.599743,imu_sample,,,,1790853021.355,,,,,,,,,,,,,,,,,,,,,,,1790853021.355,imu_frame,9.852738380432129,-0.012450278736650944,,,,0.0,odom,,,
13351.623468,imu_sample,,,,1790853021.378,,,,,,,,,,,,,,,,,,,,,,,1790853021.378,imu_frame,9.632472038269043,-0.009254485368728638,,,,0.0,odom,,,
13351.663676,imu_sample,,,,1790853021.418,,,,,,,,,,,,,,,,,,,,,,,1790853021.418,imu_frame,9.742605209350586,-0.00392816262319684,,,,0.0,odom,,,
13351.735271,imu_sample,,,,1790853021.49,,,,,,,,,,,,,,,,,,,,,,,1790853021.49,imu_frame,9.95329475402832,0.0018975023413076997,,,,0.0,odom,,,
13351.743328,imu_sample,,,,1790853021.498,,,,,,,,,,,,,,,,,,,,,,,1790853021.498,imu_frame,9.95329475402832,0.0018975023413076997,,,,0.0,odom,,,
13351.783204,imu_sample,,,,1790853021.538,,,,,,,,,,,,,,,,,,,,,,,1790853021.538,imu_frame,9.871891975402832,0.00296276668086648,,,,0.0,odom,,,
13351.842186,imu_sample,,,,1790853021.597,,,,,,,,,,,,,,,,,,,,,,,1790853021.597,imu_frame,9.776124000549316,-0.0034288200549781322,,,,0.0,odom,,,
13351.878432,imu_sample,,,,1790853021.634,,,,,,,,,,,,,,,,,,,,,,,1790853021.634,imu_frame,9.776124000549316,0.004028031136840582,,,,0.0,odom,,,
13351.903075,imu_sample,,,,1790853021.658,,,,,,,,,,,,,,,,,,,,,,,1790853021.658,imu_frame,9.776124000549316,0.0008322378853335977,,,,0.0,odom,,,
13351.943625,imu_sample,,,,1790853021.698,,,,,,,,,,,,,,,,,,,,,,,1790853021.698,imu_frame,9.800065994262695,0.007223824504762888,,,,0.0,odom,,,
13352.008920,trial_start,,,,1790853021.626,odom,base_footprint,1.6697421073913574,1.330018401145935,-2.246316187760409,,,,,,,,,,,,,,,,,,,,,,,,,,odom,-2.246316187760409,0.0,route_length_m=1.428319;profile_s=4.339684;speed=0.500;a_acc=1.000;a_dec=0.600;midpoint_stop=true;yaw_source=odom;command_cap=0.500;kp_pos=1.000;kd_vel=0.200;kp_yaw=2.000;kd_yaw=0.000
13352.010278,segment_enter,north_out,0,outbound,1790853021.626,,,1.6697421073913574,1.330018401145935,-2.246316187760409,,,,,,,,,,,,,,,,,,,,,,,,,,odom,-2.246316187760409,0.0,
13352.010410,control_sample,north_out,0,outbound,1790853021.626,odom,base_footprint,1.6697421073913574,1.330018401145935,-2.246316187760409,0.0,-0.0,0.0,1.6697421068651235,1.3300184004891917,0.0,8.415663364650141e-10,-2.2463161877604096,-2.5653684601831957e-05,-3.201595132554643e-05,8.415663740609829e-10,0.0,-4.440892098500626e-16,4.102599996258505e-05,1.1740805326915767e-16,-8.881784197001252e-16,0.0,1790853021.698,imu_frame,9.800065994262695,0.007223824504762888,,,,0.0655047119998926,odom,-2.246316187760409,0.0,progress=0.0000;speed=0.0000;settled=False
13352.030384,control_sample,north_out,0,outbound,1790853021.706,odom,base_footprint,1.6697421073913574,1.330018401145935,-2.246316187760409,0.0,-0.0,0.0,1.6696151422824694,1.3298599479331008,0.0,0.00020304570798826074,-2.2463161877604096,-0.012600926559557673,-0.015726031470690738,0.00020304570798821607,0.0,-4.440892098500626e-16,0.02015171000130067,-5.553505659562416e-17,-8.881784197001252e-16,0.0,1790853021.698,imu_frame,9.800065994262695,0.007223824504762888,,,,0.08561539600123069,odom,-2.246316187760409,0.0,progress=0.0002;speed=0.0202;settled=False
13352.031188,imu_sample,,,,1790853021.743,,,,,,,,,,,,,,,,,,,,,,,1790853021.743,imu_frame,9.785700798034668,0.0008322378853335977,,,,0.0,odom,,,
13352.050232,control_sample,north_out,0,outbound,1790853021.706,odom,base_footprint,1.6697421073913574,1.330018401145935,-2.246316187760409,0.0,-0.0,0.0,1.6692381935051617,1.3293895136117226,0.0,0.0008058714136811177,-2.2463161877604096,-0.02510374118756831,-0.03132961866588583,0.0008058714136812895,0.0,-4.440892098500626e-16,0.040146517001630855,-3.6268816181691067e-17,-8.881784197001252e-16,0.0,1790853021.743,imu_frame,9.785700798034668,0.0008322378853335977,,,,0.018022277999989456,odom,-2.246316187760409,0.0,progress=0.0008;speed=0.0401;settled=False
13352.071296,control_sample,north_out,0,outbound,1790853021.706,odom,base_footprint,1.6697421073913574,1.330018401145935,-2.246316187760409,0.0,-0.0,0.0,1.6686040935479984,1.328598153084798,0.0,0.0018199395767004762,-2.2463161877604096,-0.03772541780385335,-0.04708154633108026,0.001819939576700437,0.0,-4.440892098500626e-16,0.060331411001243396,-6.822282350111405e-17,-8.881784197001252e-16,0.0,1790853021.743,imu_frame,9.785700798034668,0.0008322378853335977,,,,0.038207171999601997,odom,-2.246316187760409,0.0,progress=0.0018;speed=0.0603;settled=False
13352.091134,control_sample,north_out,0,outbound,1790853021.796,odom,base_footprint,1.6697421073913574,1.330018401145935,-2.246316187760409,0.0,-0.0,0.0,1.6677330003029154,1.3275110235216394,0.0,0.0032130132031546296,-2.2463161877604096,-0.05012585905960349,-0.0625573709473634,0.0032130132031547185,0.0,-4.440892098500626e-16,0.08016250000036962,-3.3600240974203836e-17,-8.881784197001252e-16,0.0,1790853021.743,imu_frame,9.785700798034668,0.0008322378853335977,,,,0.05803826099872822,odom,-2.246316187760409,0.0,progress=0.0032;speed=0.0802;settled=False
13352.092451,imu_sample,,,,1790853021.778,,,,,,,,,,,,,,,,,,,,,,,1790853021.778,imu_frame,9.833584785461426,0.0008322378853335977,,,,0.0,odom,,,
13352.112141,control_sample,north_out,0,outbound,1790853021.796,odom,base_footprint,1.6697421073913574,1.330018401145935,-2.246316187760409,0.0,-0.0,0.0,1.6666008455732277,1.326098087669295,0.0,0.005023582741944768,-2.2463161877604096,-0.06267759927722358,-0.07822201757007627,0.005023582741944794,0.0,-4.440892098500626e-16,0.10023555000043416,-3.1001425438536714e-17,-8.881784197001252e-16,0.0,1790853021.778,imu_frame,9.833584785461426,0.0008322378853335977,,,,0.016861590000189608,odom,-2.246316187760409,0.0,progress=0.0050;speed=0.1002;settled=False
13352.131027,control_sample,north_out,0,outbound,1790853021.796,odom,base_footprint,1.6697421073913574,1.330018401145935,-2.246316187760409,0.0,-0.0,0.0,1.665218313472403,1.3243726793650685,0.0,0.007234561897455944,-2.2463161877604096,-0.07521625252693284,-0.09387033157881439,0.007234561897455827,0.0,-4.440892098500626e-16,0.1202876710012788,-7.309275707229899e-17,-8.881784197001252e-16,0.0,1790853021.778,imu_frame,9.833584785461426,0.0008322378853335977,,,,0.036913711001034244,odom,-2.246316187760409,0.0,progress=0.0072;speed=0.1203;settled=False
13352.132808,imu_sample,,,,1790853021.818,,,,,,,,,,,,,,,,,,,,,,,1790853021.818,imu_frame,9.809642791748047,0.13612082600593567,,,,0.0,odom,,,
13352.150403,control_sample,north_out,0,outbound,1790853021.796,odom,base_footprint,1.6697421073913574,1.330018401145935,-2.246316187760409,0.0,-0.0,0.0,1.663601134006168,1.3223544297498862,0.0,0.009820794859738155,-2.2463161877604096,-0.08763526278368233,-0.10936933041904962,0.009820794859738191,0.0,-4.440892098500626e-16,0.1401484560010431,-4.7938579966219527e-17,-8.881784197001252e-16,0.0,1790853021.818,imu_frame,9.809642791748047,0.13612082600593567,,,,0.016413219000241952,odom,-2.246316187760409,0.0,progress=0.0098;speed=0.1401;settled=False
13352.170186,control_sample,north_out,0,outbound,1790853021.796,odom,base_footprint,1.6697421073913574,1.330018401145935,-2.246316187760409,0.0,-0.0,0.0,1.6617257978773707,1.3200139990807447,0.0,0.012819878271887903,-2.2463161877604096,-0.1001261516310013,-0.12495803416884223,0.012819878271887722,0.0,-4.440892098500626e-16,0.1601241910011595,-6.73791067565434e-17,-8.881784197001252e-16,0.0,1790853021.818,imu_frame,9.809642791748047,0.13612082600593567,,,,0.03638895400035835,odom,-2.246316187760409,0.0,progress=0.0128;speed=0.1601;settled=False
13352.190831,control_sample,north_out,0,outbound,1790853021.915,odom,base_footprint,1.6694097518920898,1.3291183710098267,-2.2444994664129565,-0.002779537791379469,-0.0075686646695980585,0.015267761424183846,1.6595983594089925,1.3173589431888189,0.0009101902261277052,0.016222129912490623,-2.2463161877604096,-0.11263140744148727,-0.1405646679743204,0.015314945809073957,0.0003034273818527772,-0.0018167213474531427,0.18011977850678518,-0.0003534429640732278,-0.0036334426949062855,0.0009594344291282773,1790853021.818,imu_frame,9.809642791748047,0.13612082600593567,,,,0.05638766499941994,odom,-2.2444994664129565,0.015267761424183846,progress=0.0162;speed=0.1801;settled=False
13352.192084,imu_sample,,,,1790853021.88,,,,,,,,,,,,,,,,,,,,,,,1790853021.88,imu_frame,9.82879638671875,0.00935435388237238,,,,0.0,odom,,,
13352.210872,control_sample,north_out,0,outbound,1790853021.915,odom,base_footprint,1.6694097518920898,1.3291183710098267,-2.2444994664129565,-0.002779537791379469,-0.0075686646695980585,0.015267761424183846,1.657219806803079,1.3143904953561543,0.0009101902261277052,0.020025969424661103,-2.2463161877604096,-0.1251417857353213,-0.15617769466955625,0.01911818721906278,0.0003034273818527772,-0.0018167213474531427,0.2001252427123047,-0.0005933795445670243,-0.0036334426949062855,0.0009594344291282773,1790853021.88,imu_frame,9.82879638671875,0.00935435388237238,,,,0.0171245129986346,odom,-2.2444994664129565,0.015267761424183846,progress=0.0200;speed=0.2001;settled=False
13352.230967,control_sample,north_out,0,outbound,1790853021.915,odom,base_footprint,1.6694097518920898,1.3291183710098267,-2.2444994664129565,-0.002779537791379469,-0.0075686646695980585,0.015267761424183846,1.6545888236973414,1.3111070127547653,0.0009101902261277052,0.02423350196717366,-2.2463161877604096,-0.1376618693595878,-0.17180283367503316,0.023325285394739714,0.0003034273818527772,-0.0018167213474531427,0.22014691828295715,-0.0007664987019150708,-0.0036334426949062855,0.0009594344291282773,1790853021.88,imu_frame,9.82879638671875,0.00935435388237238,,,,0.037146937000215985,odom,-2.2444994664129565,0.015267761424183846,progress=0.0242;speed=0.2202;settled=False
13352.251008,control_sample,north_out,0,outbound,1790853021.976,odom,base_footprint,1.6686702966690063,1.3279469013214111,-2.243583465106747,-0.012306015573727284,-0.019535818361329896,0.015267759561538696,1.65171290097007,1.3075178440454183,0.0022867677049298596,0.028832747944221457,-2.2463161877604096,-0.15015804014170991,-0.18739812931095,0.02654994632906258,0.00045889346393175514,-0.0027327226536626448,0.24012970731127914,-0.0010024496230499188,-0.0054654453073252895,0.0023323571226442547,1790853021.88,imu_frame,9.82879638671875,0.00935435388237238,,,,0.05713111899967771,odom,-2.243583465106747,0.015267759561538696,progress=0.0288;speed=0.2401;settled=False
13352.252061,imu_sample,,,,1790853021.927,,,,,,,,,,,,,,,,,,,,,,,1790853021.927,imu_frame,9.809642791748047,0.1627524346113205,,,,0.0,odom,,,
13352.270033,control_sample,north_out,0,outbound,1790853021.976,odom,base_footprint,1.6686702966690063,1.3279469013214111,-2.243583465106747,-0.012306015573727284,-0.019535818361329896,0.015267759561538696,1.6485902920641031,1.3036208095143624,0.0022867677049298596,0.03382650049274304,-2.2463161877604096,-0.16264252526040038,-0.20297884116923642,0.03154307099091489,0.00045889346393175514,-0.0027327226536626448,0.260094365189847,-0.0011851693031289775,-0.0054654453073252895,0.0023323571226442547,1790853021.927,imu_frame,9.809642791748047,0.1627524346113205,,,,0.017102688001614297,odom,-2.243583465106747,0.015267759561538696,progress=0.0338;speed=0.2601;settled=False
13352.290392,control_sample,north_out,0,outbound,1790853021.976,odom,base_footprint,1.6686702966690063,1.3279469013214111,-2.243583465106747,-0.012306015573727284,-0.019535818361329896,0.015267759561538696,1.6452057961379662,1.2993969384208133,0.0022867677049298596,0.03923906917027111,-2.2463161877604096,-0.17517209410618922,-0.21861581778772235,0.036955150747855096,0.00045889346393175514,-0.0027327226536626448,0.280131408363645,-0.0013336081113801827,-0.0054654453073252895,0.0023323571226442547,1790853021.927,imu_frame,9.809642791748047,0.1627524346113205,,,,0.037140281001484254,odom,-2.243583465106747,0.015267759561538696,progress=0.0392;speed=0.2801;settled=False
13352.291784,imu_sample,,,,1790853021.938,,,,,,,,,,,,,,,,,,,,,,,1790853021.938,imu_frame,9.551069259643555,-0.02792990207672119,,,,0.0,odom,,,
13352.310500,control_sample,north_out,0,outbound,1790853021.976,odom,base_footprint,1.6686702966690063,1.3279469013214111,-2.243583465106747,-0.012306015573727284,-0.019535818361329896,0.015267759561538696,1.6415776917017688,1.29486904245436,0.0022867677049298596,0.045041222536304965,-2.2463161877604096,-0.18767682966431795,-0.23422180231515705,0.042756917465356786,0.00045889346393175514,-0.0027327226536626448,0.3001288993563305,-0.0014581811691442511,-0.0054654453073252895,0.0023323571226442547,1790853021.938,imu_frame,9.551069259643555,-0.02792990207672119,,,,0.017426893000447308,odom,-2.243583465106747,0.015267759561538696,progress=0.0450;speed=0.3001;settled=False
13352.331116,control_sample,north_out,0,outbound,1790853021.976,odom,base_footprint,1.6686702966690063,1.3279469013214111,-2.243583465106747,-0.012306015573727284,-0.019535818361329896,0.015267759561538696,1.6376936957304498,1.2900217923264978,0.0022867677049298596,0.05125260390499277,-2.2463161877604096,-0.2001997546653557,-0.24985048737578425,0.04896798646036652,0.00045889346393175514,-0.0027327226536626448,0.3201555747124258,-0.0015664469876369165,-0.0054654453073252895,0.0023323571226442547,1790853021.938,imu_frame,9.551069259643555,-0.02792990207672119,,,,0.037453861001267796,odom,-2.243583465106747,0.015267759561538696,progress=0.0513;speed=0.3202;settled=False
13352.351144,control_sample,north_out,0,outbound,1790853022.067,odom,base_footprint,1.6645112037658691,1.323844075202942,-2.2477514851982514,-0.04589237422163242,-0.04489495030518592,-0.04580327123403549,1.6335639272383637,1.2848678166274685,0.008089232948677473,0.05785703070104489,-2.2463161877604096,-0.21270791188221227,-0.26546074215371057,0.049768289673365794,0.00022127786038322718,0.0014352974378417649,0.34014883025891013,-0.0009310071035046948,0.0028705948756835298,0.008092258868169312,1790853021.938,imu_frame,9.551069259643555,-0.02792990207672119,,,,0.05745721200037224,odom,-2.2477514851982514,-0.04580327123403549,progress=0.0579;speed=0.3402;settled=False
13352.352220,imu_sample,,,,1790853021.987,,,,,,,,,,,,,,,,,,,,,,,1790853021.987,imu_frame,9.905410766601562,0.010419618338346481,,,,0.0,odom,,,
13352.369982,control_sample,north_out,0,outbound,1790853022.067,odom,base_footprint,1.6645112037658691,1.323844075202942,-2.2477514851982514,-0.04589237422163242,-0.04489495030518592,-0.04580327123403549,1.6292022434484354,1.2794244092540967,0.008089232948677473,0.0648323421145807,-2.2463161877604096,-0.22516528260780322,-0.28100761508775784,0.056743540616576806,0.00022127786038322718,0.0014352974378417649,0.3600647944927876,-0.000435313592214858,0.0028705948756835298,0.008092258868169312,1790853021.987,imu_frame,9.905410766601562,0.010419618338346481,,,,0.01693410499865422,odom,-2.2477514851982514,-0.04580327123403549,progress=0.0648;speed=0.3601;settled=False
13352.390903,control_sample,north_out,0,outbound,1790853022.067,odom,base_footprint,1.6645112037658691,1.323844075202942,-2.2477514851982514,-0.04589237422163242,-0.04489495030518592,-0.04580327123403549,1.6245634359101409,1.273635149790604,0.008089232948677473,0.07225083660557939,-2.2463161877604096,-0.23769881337416443,-0.2966495362067383,0.0641619852226914,0.00022127786038322718,0.0014352974378417649,0.38010443231801505,-2.0578016886228844e-05,0.0028705948756835298,0.008092258868169312,1790853021.987,imu_frame,9.905410766601562,0.010419618338346481,,,,0.03697803399882105,odom,-2.2477514851982514,-0.04580327123403549,progress=0.0723;speed=0.3801;settled=False
13352.392738,imu_sample,,,,1790853022.024,,,,,,,,,,,,,,,,,,,,,,,1790853022.024,imu_frame,9.642048835754395,-0.04177834093570709,,,,0.0,odom,,,
13352.411033,control_sample,north_out,0,outbound,1790853022.067,odom,base_footprint,1.6645112037658691,1.323844075202942,-2.2477514851982514,-0.04589237422163242,-0.04489495030518592,-0.04580327123403549,1.619683408458401,1.2675448464370236,0.008089232948677473,0.08005509588294629,-2.2463161877604096,-0.2502073507758296,-0.31226026545757235,0.07196620312178112,0.00022127786038322718,0.0014352974378417649,0.40010445610569484,0.00037618912382065314,0.0028705948756835298,0.008092258868169312,1790853022.024,imu_frame,9.642048835754395,-0.04177834093570709,,,,0.016476421998959268,odom,-2.2477514851982514,-0.04580327123403549,progress=0.0801;speed=0.4001;settled=False
13352.431067,control_sample,north_out,0,outbound,1790853022.067,odom,base_footprint,1.6645112037658691,1.323844075202942,-2.2477514851982514,-0.04589237422163242,-0.04489495030518592,-0.04580327123403549,1.6146596377149671,1.261275150598438,0.008089232948677473,0.08808923294867747,-2.2463161877604096,-0.26246233469651037,-0.32755455845249953,0.08000030602373674,0.00022127786038322718,0.0014352974378417649,0.42013030103337806,0.0007552949940228216,0.0028705948756835298,0.008092258868169312,1790853022.024,imu_frame,9.642048835754395,-0.04177834093570709,,,,0.03650585499963199,odom,-2.2477514851982514,-0.04580327123403549,progress=0.0881;speed=0.4197;settled=False
13352.450191,control_sample,north_out,0,outbound,1790853022.159,odom,base_footprint,1.6566481590270996,1.3133107423782349,-2.2449421674409114,-0.08514626183331016,-0.11473192387387587,0.030535535886883736,1.6091790777853756,1.2544353791322367,0.021226042319359543,0.0968538784550121,-2.2463161877604096,-0.2752099185473069,-0.3434636190969997,0.07562818304892446,0.0002290692483032045,-0.0013740203194982925,0.4400753262992954,0.00011547741549313621,-0.002748040638996585,0.02122727832916314,1790853022.024,imu_frame,9.642048835754395,-0.04177834093570709,,,,0.056461139998646104,odom,-2.2449421674409114,0.030535535886883736,progress=0.0969;speed=0.4401;settled=False
13352.451304,imu_sample,,,,1790853022.059,,,,,,,,,,,,,,,,,,,,,,,1790853022.059,imu_frame,9.95329475402832,-0.3155513107776642,,,,0.0,odom,,,
13352.471516,control_sample,north_out,0,outbound,1790853022.159,odom,base_footprint,1.6566481590270996,1.3133107423782349,-2.2449421674409114,-0.08514626183331016,-0.11473192387387587,0.030535535886883736,1.6064451502051633,1.2510234212129678,0.021226042319359543,0.10122604231935954,-2.2463161877604096,-0.2813530984396945,-0.3511303442271867,0.08000032795383114,0.0002290692483032045,-0.0013740203194982925,0.46021383519064196,-0.0005202616245379095,-0.002748040638996585,0.02122727832916314,1790853022.059,imu_frame,9.95329475402832,-0.3155513107776642,,,,0.01804253400041489,odom,-2.2449421674409114,0.030535535886883736,progress=0.1012;speed=0.4499;settled=False
13352.491085,control_sample,north_out,0,outbound,1790853022.159,odom,base_footprint,1.6566481590270996,1.3133107423782349,-2.2449421674409114,-0.08514626183331016,-0.11473192387387587,0.030535535886883736,1.6064451502051633,1.2510234212129678,0.021226042319359543,0.10122604231935954,-2.2463161877604096,-0.2813530984396945,-0.3511303442271867,0.08000032795383114,0.0002290692483032045,-0.0013740203194982925,0.480096429565591,-0.0011479218713543056,-0.002748040638996585,0.02122727832916314,1790853022.059,imu_frame,9.95329475402832,-0.3155513107776642,,,,0.03793503300039447,odom,-2.2449421674409114,0.030535535886883736,progress=0.1012;speed=0.4499;settled=False
13352.492997,imu_sample,,,,1790853022.098,,,,,,,,,,,,,,,,,,,,,,,1790853022.098,imu_frame,9.800065994262695,-0.11634685099124908,,,,0.0,odom,,,
13352.511092,control_sample,north_out,0,outbound,1790853022.159,odom,base_footprint,1.6566481590270996,1.3133107423782349,-2.2449421674409114,-0.08514626183331016,-0.11473192387387587,0.030535535886883736,1.6064451502051633,1.2510234212129678,0.021226042319359543,0.10122604231935954,-2.2463161877604096,-0.2813530984396945,-0.3511303442271867,0.08000032795383114,0.0002290692483032045,-0.0013740203194982925,0.49999684530002164,-0.0017761447086797645,-0.002748040638996585,0.02122727832916314,1790853022.098,imu_frame,9.800065994262695,-0.11634685099124908,,,,0.01623606000066502,odom,-2.2449421674409114,0.030535535886883736,progress=0.1012;speed=0.4499;settled=False
13352.531103,control_sample,north_out,0,outbound,1790853022.159,odom,base_footprint,1.6566481590270996,1.3133107423782349,-2.2449421674409114,-0.08514626183331016,-0.11473192387387587,0.030535535886883736,1.6064451502051633,1.2510234212129678,0.021226042319359543,0.10122604231935954,-2.2463161877604096,-0.2813530984396945,-0.3511303442271867,0.08000032795383114,0.0002290692483032045,-0.0013740203194982925,0.49999684530002164,-0.0017761447086797645,-0.002748040638996585,0.02122727832916314,1790853022.098,imu_frame,9.800065994262695,-0.11634685099124908,,,,0.036230963001798955,odom,-2.2449421674409114,0.030535535886883736,progress=0.1012;speed=0.4499;settled=False
13352.551097,control_sample,north_out,0,outbound,1790853022.246,odom,base_footprint,1.6447397470474243,1.2984070777893066,-2.2449421674409114,-0.1368784380685273,-0.1713069354691697,2.2307128588749947e-08,1.594516294285661,1.2361361379078255,0.04030296051271076,0.12030296051271076,-2.2463161877604096,-0.3067211550688902,-0.3827898301400226,0.08000040725543908,0.0002552665980568751,-0.0013740203194982925,0.49999911729310076,-0.0009395244116527496,-0.002748040638996585,0.04030376889479693,1790853022.098,imu_frame,9.800065994262695,-0.11634685099124908,,,,0.056233898001664784,odom,-2.2449421674409114,2.2307128588749947e-08,progress=0.1203;speed=0.4905;settled=False
13352.552207,imu_sample,,,,1790853022.167,,,,,,,,,,,,,,,,,,,,,,,1790853022.167,imu_frame,9.967659950256348,0.007223824504762888,,,,0.0,odom,,,
13352.570170,control_sample,north_out,0,outbound,1790853022.246,odom,base_footprint,1.6447397470474243,1.2984070777893066,-2.2449421674409114,-0.1368784380685273,-0.1713069354691697,2.2307128588749947e-08,1.594516294285661,1.2361361379078255,0.04030296051271076,0.12030296051271076,-2.2463161877604096,-0.3067211550688902,-0.3827898301400226,0.08000040725543908,0.0002552665980568751,-0.0013740203194982925,0.49999911729310076,-0.0009395244116527496,-0.002748040638996585,0.04030376889479693,1790853022.167,imu_frame,9.967659950256348,0.007223824504762888,,,,0.016987130999041256,odom,-2.2449421674409114,2.2307128588749947e-08,progress=0.1203;speed=0.4905;settled=False
13352.590423,control_sample,north_out,0,outbound,1790853022.246,odom,base_footprint,1.6447397470474243,1.2984070777893066,-2.2449421674409114,-0.1368784380685273,-0.1713069354691697,2.2307128588749947e-08,1.594516294285661,1.2361361379078255,0.04030296051271076,0.12030296051271076,-2.2463161877604096,-0.3067211550688902,-0.3827898301400226,0.08000040725543908,0.0002552665980568751,-0.0013740203194982925,0.49999911729310076,-0.0009395244116527496,-0.002748040638996585,0.04030376889479693,1790853022.167,imu_frame,9.967659950256348,0.007223824504762888,,,,0.037023827999291825,odom,-2.2449421674409114,2.2307128588749947e-08,progress=0.1203;speed=0.4905;settled=False
13352.610180,control_sample,north_out,0,outbound,1790853022.336,odom,base_footprint,1.627721905708313,1.2763653993606567,-2.2421634605367418,-0.18633553017392507,-0.24273488608266203,0.030535558238625526,1.5771064570554894,1.214408557250384,0.06814519809532428,0.14814519809532428,-2.2463161877604096,-0.31265154566893727,-0.3901909929647588,0.08000358696086003,0.0007575794373179882,-0.004152727223667886,0.4999861774911105,-0.003717837789323146,-0.008305454447335771,0.06814940902205102,1790853022.167,imu_frame,9.967659950256348,0.007223824504762888,,,,0.056980968998686876,odom,-2.2421634605367418,0.030535558238625526,progress=0.1481;speed=0.5000;settled=False
13352.611099,imu_sample,,,,1790853022.202,,,,,,,,,,,,,,,,,,,,,,,1790853022.202,imu_frame,9.546280860900879,0.13612082600593567,,,,0.0,odom,,,
13352.631457,control_sample,north_out,0,outbound,1790853022.336,odom,base_footprint,1.627721905708313,1.2763653993606567,-2.2421634605367418,-0.18633553017392507,-0.24273488608266203,0.030535558238625526,1.5771064570554894,1.214408557250384,0.06814519809532428,0.14814519809532428,-2.2463161877604096,-0.31265154566893727,-0.3901909929647588,0.08000358696086003,0.0007575794373179882,-0.004152727223667886,0.4999861774911105,-0.003717837789323146,-0.008305454447335771,0.06814940902205102,1790853022.202,imu_frame,9.546280860900879,0.13612082600593567,,,,0.018147562999729416,odom,-2.2421634605367418,0.030535558238625526,progress=0.1481;speed=0.5000;settled=False
13352.651833,control_sample,north_out,0,outbound,1790853022.336,odom,base_footprint,1.627721905708313,1.2763653993606567,-2.2421634605367418,-0.18633553017392507,-0.24273488608266203,0.030535558238625526,1.5771064570554894,1.214408557250384,0.06814519809532428,0.14814519809532428,-2.2463161877604096,-0.31265154566893727,-0.3901909929647588,0.08000358696086003,0.0007575794373179882,-0.004152727223667886,0.4999861774911105,-0.003717837789323146,-0.008305454447335771,0.06814940902205102,1790853022.202,imu_frame,9.546280860900879,0.13612082600593567,,,,0.03811475300062739,odom,-2.2421634605367418,0.030535558238625526,progress=0.1481;speed=0.5000;settled=False
13352.654270,imu_sample,,,,1790853022.218,,,,,,,,,,,,,,,,,,,,,,,1790853022.218,imu_frame,9.479243278503418,0.3853926956653595,,,,0.0,odom,,,
13352.670091,control_sample,north_out,0,outbound,1790853022.336,odom,base_footprint,1.627721905708313,1.2763653993606567,-2.2421634605367418,-0.18633553017392507,-0.24273488608266203,0.030535558238625526,1.5771064570554894,1.214408557250384,0.06814519809532428,0.14814519809532428,-2.2463161877604096,-0.31265154566893727,-0.3901909929647588,0.08000358696086003,0.0007575794373179882,-0.004152727223667886,0.4999861774911105,-0.003717837789323146,-0.008305454447335771,0.06814940902205102,1790853022.218,imu_frame,9.479243278503418,0.3853926956653595,,,,0.014896676999342162,odom,-2.2421634605367418,0.030535558238625526,progress=0.1481;speed=0.5000;settled=False
13352.691165,control_sample,north_out,0,outbound,1790853022.336,odom,base_footprint,1.627721905708313,1.2763653993606567,-2.2421634605367418,-0.18633553017392507,-0.24273488608266203,0.030535558238625526,1.5771064570554894,1.214408557250384,0.06814519809532428,0.14814519809532428,-2.2463161877604096,-0.31265154566893727,-0.3901909929647588,0.08000358696086003,0.0007575794373179882,-0.004152727223667886,0.4999861774911105,-0.003717837789323146,-0.008305454447335771,0.06814940902205102,1790853022.218,imu_frame,9.479243278503418,0.3853926956653595,,,,0.03505789099835965,odom,-2.2421634605367418,0.030535558238625526,progress=0.1481;speed=0.5000;settled=False
13352.710985,control_sample,north_out,0,outbound,1790853022.441,odom,base_footprint,1.6033518314361572,1.2452648878097534,-2.237399857840286,-0.23290069074753927,-0.30015596816808804,0.04580322653055191,1.5524013811401467,1.1835764752210036,0.10765415984135451,0.18765415984135453,-2.2463161877604096,-0.291497903780773,-0.36379112177428097,0.08000880347240585,0.0011868584945323368,-0.008916329920123811,0.49995689995538994,-0.006564920943639574,-0.017832659840247622,0.10766070204226774,1790853022.218,imu_frame,9.479243278503418,0.3853926956653595,,,,0.0549474769995868,odom,-2.237399857840286,0.04580322653055191,progress=0.1877;speed=0.4662;settled=False
13352.712313,imu_sample,,,,1790853022.259,,,,,,,,,,,,,,,,,,,,,,,1790853022.259,imu_frame,9.603741645812988,0.10309762507677078,,,,0.0,odom,,,
13352.730730,control_sample,north_out,0,outbound,1790853022.441,odom,base_footprint,1.6033518314361572,1.2452648878097534,-2.237399857840286,-0.23290069074753927,-0.30015596816808804,0.04580322653055191,1.5524013811401467,1.1835764752210036,0.10765415984135451,0.18765415984135453,-2.2463161877604096,-0.291497903780773,-0.36379112177428097,0.08000880347240585,0.0011868584945323368,-0.008916329920123811,0.49995689995538994,-0.006564920943639574,-0.017832659840247622,0.10766070204226774,1790853022.259,imu_frame,9.603741645812988,0.10309762507677078,,,,0.016915160000280594,odom,-2.237399857840286,0.04580322653055191,progress=0.1877;speed=0.4662;settled=False
13352.750895,control_sample,north_out,0,outbound,1790853022.441,odom,base_footprint,1.6033518314361572,1.2452648878097534,-2.237399857840286,-0.23290069074753927,-0.30015596816808804,0.04580322653055191,1.5524013811401467,1.1835764752210036,0.10765415984135451,0.18765415984135453,-2.2463161877604096,-0.291497903780773,-0.36379112177428097,0.08000880347240585,0.0011868584945323368,-0.008916329920123811,0.49995689995538994,-0.006564920943639574,-0.017832659840247622,0.10766070204226774,1790853022.259,imu_frame,9.603741645812988,0.10309762507677078,,,,0.037459429000591626,odom,-2.237399857840286,0.04580322653055191,progress=0.1877;speed=0.4662;settled=False
13352.752676,imu_sample,,,,1790853022.3,,,,,,,,,,,,,,,,,,,,,,,1790853022.3,imu_frame,8.650849342346191,-0.20476379990577698,,,,0.0,odom,,,
13352.770110,control_sample,north_out,0,outbound,1790853022.441,odom,base_footprint,1.6033518314361572,1.2452648878097534,-2.237399857840286,-0.23290069074753927,-0.30015596816808804,0.04580322653055191,1.5524013811401467,1.1835764752210036,0.10765415984135451,0.18765415984135453,-2.2463161877604096,-0.291497903780773,-0.36379112177428097,0.08000880347240585,0.0011868584945323368,-0.008916329920123811,0.49995689995538994,-0.006564920943639574,-0.017832659840247622,0.10766070204226774,1790853022.3,imu_frame,8.650849342346191,-0.20476379990577698,,,,0.0165104709994921,odom,-2.237399857840286,0.04580322653055191,progress=0.1877;speed=0.4662;settled=False
13352.790929,control_sample,north_out,0,outbound,1790853022.441,odom,base_footprint,1.6033518314361572,1.2452648878097534,-2.237399857840286,-0.23290069074753927,-0.30015596816808804,0.04580322653055191,1.5524013811401467,1.1835764752210036,0.10765415984135451,0.18765415984135453,-2.2463161877604096,-0.291497903780773,-0.36379112177428097,0.08000880347240585,0.0011868584945323368,-0.008916329920123811,0.49995689995538994,-0.006564920943639574,-0.017832659840247622,0.10766070204226774,1790853022.3,imu_frame,8.650849342346191,-0.20476379990577698,,,,0.036542975998600014,odom,-2.237399857840286,0.04580322653055191,progress=0.1877;speed=0.4662;settled=False
13352.810853,segment_enter,left_arc_out,1,outbound,1790853022.516,,,1.5842288732528687,1.2206491231918335,-2.2362546963883494,,,,,,,,,,,,,,,,,,,,,,,,,,odom,-2.2362546963883494,0.015267801471054554,
13352.811090,control_sample,left_arc_out,1,outbound,1790853022.516,odom,base_footprint,1.5842288732528687,1.2206491231918335,-2.2362546963883494,-0.2545962395089409,-0.3285021904395921,0.015267801471054554,1.5336203224635123,1.158722337762102,0.13882150398659587,0.2188215039865959,-2.2463161877604096,-0.247142142156703,-0.37605951865389076,0.07997594742582831,0.0016559601218412926,-0.01006149137206025,0.49928169955658475,0.013422196573863884,-0.0201229827441205,0.13883138036130566,1790853022.3,imu_frame,8.650849342346191,-0.20476379990577698,,,,0.05654149499969208,odom,-2.2362546963883494,0.015267801471054554,progress=0.2188;speed=0.4500;settled=False
13352.812172,imu_sample,,,,1790853022.346,,,,,,,,,,,,,,,,,,,,,,,1790853022.346,imu_frame,8.30129623413086,0.004028031136840582,,,,0.0,odom,,,
13352.830965,control_sample,left_arc_out,1,outbound,1790853022.516,odom,base_footprint,1.5842288732528687,1.2206491231918335,-2.2362546963883494,-0.2545962395089409,-0.3285021904395921,0.015267801471054554,1.5336203224635123,1.158722337762102,0.13882150398659587,0.2188215039865959,-2.2463161877604096,-0.247142142156703,-0.37605951865389076,0.07997594742582831,0.0016559601218412926,-0.01006149137206025,0.4986063554645399,0.03341356766359957,-0.0201229827441205,0.13883138036130566,1790853022.346,imu_frame,8.30129623413086,0.004028031136840582,,,,0.017044124999301857,odom,-2.2362546963883494,0.015267801471054554,progress=0.2188;speed=0.4500;settled=False
13352.851013,control_sample,left_arc_out,1,outbound,1790853022.516,odom,base_footprint,1.5842288732528687,1.2206491231918335,-2.2362546963883494,-0.2545962395089409,-0.3285021904395921,0.015267801471054554,1.5336203224635123,1.158722337762102,0.13882150398659587,0.2188215039865959,-2.2463161877604096,-0.247142142156703,-0.37605951865389076,0.07997594742582831,0.0016559601218412926,-0.01006149137206025,0.4983740466358289,0.040290316948723426,-0.0201229827441205,0.13883138036130566,1790853022.346,imu_frame,8.30129623413086,0.004028031136840582,,,,0.03703761999895505,odom,-2.2362546963883494,0.015267801471054554,progress=0.2188;speed=0.4500;settled=False
13352.852424,imu_sample,,,,1790853022.378,,,,,,,,,,,,,,,,,,,,,,,1790853022.378,imu_frame,9.838373184204102,-0.11421632021665573,,,,0.0,odom,,,
13352.870487,control_sample,left_arc_out,1,outbound,1790853022.516,odom,base_footprint,1.5842288732528687,1.2206491231918335,-2.2362546963883494,-0.2545962395089409,-0.3285021904395921,0.015267801471054554,1.5336203224635123,1.158722337762102,0.13882150398659587,0.2188215039865959,-2.2463161877604096,-0.247142142156703,-0.37605951865389076,0.07997594742582831,0.0016559601218412926,-0.01006149137206025,0.4983740466358289,0.040290316948723426,-0.0201229827441205,0.13883138036130566,1790853022.378,imu_frame,9.838373184204102,-0.11421632021665573,,,,0.01675044900002831,odom,-2.2362546963883494,0.015267801471054554,progress=0.2188;speed=0.4500;settled=False
13352.890803,control_sample,left_arc_out,1,outbound,1790853022.516,odom,base_footprint,1.5842288732528687,1.2206491231918335,-2.2362546963883494,-0.2545962395089409,-0.3285021904395921,0.015267801471054554,1.5336203224635123,1.158722337762102,0.13882150398659587,0.2188215039865959,-2.2463161877604096,-0.247142142156703,-0.37605951865389076,0.07997594742582831,0.0016559601218412926,-0.01006149137206025,0.4983740466358289,0.040290316948723426,-0.0201229827441205,0.13883138036130566,1790853022.378,imu_frame,9.838373184204102,-0.11421632021665573,,,,0.03678900200065982,odom,-2.2362546963883494,0.015267801471054554,progress=0.2188;speed=0.4500;settled=False
13352.911025,control_sample,left_arc_out,1,outbound,1790853022.617,odom,base_footprint,1.5562450885772705,1.1849958896636963,-2.2362546963883494,-0.2770671136462816,-0.3530019368312138,0.0,1.5132150291236321,1.1183628704095474,0.1841429922370772,0.2641429922370772,-2.2463161877604096,-0.15633334061345522,-0.4219714286686213,0.0793192616676897,0.002111995804209356,-0.01006149137206025,0.4959293785806199,0.052031614768066,-0.0201229827441205,0.18415510342182015,1790853022.378,imu_frame,9.838373184204102,-0.11421632021665573,,,,0.05677750399991055,odom,-2.2362546963883494,0.0,progress=0.2641;speed=0.4500;settled=False
13352.912212,imu_sample,,,,1790853022.449,,,,,,,,,,,,,,,,,,,,,,,1790853022.449,imu_frame,10.901398658752441,-0.19198063015937805,,,,0.0,odom,,,
13352.930992,control_sample,left_arc_out,1,outbound,1790853022.617,odom,base_footprint,1.5562450885772705,1.1849958896636963,-2.2362546963883494,-0.2770671136462816,-0.3530019368312138,0.0,1.5132150291236321,1.1183628704095474,0.1841429922370772,0.2641429922370772,-2.2463161877604096,-0.15633334061345522,-0.4219714286686213,0.0793192616676897,0.002111995804209356,-0.01006149137206025,0.4918485259607226,0.07163121065797144,-0.0201229827441205,0.18415510342182015,1790853022.449,imu_frame,10.901398658752441,-0.19198063015937805,,,,0.017019932000039262,odom,-2.2362546963883494,0.0,progress=0.2641;speed=0.4500;settled=False
13352.951093,control_sample,left_arc_out,1,outbound,1790853022.617,odom,base_footprint,1.5562450885772705,1.1849958896636963,-2.2362546963883494,-0.2770671136462816,-0.3530019368312138,0.0,1.5132150291236321,1.1183628704095474,0.1841429922370772,0.2641429922370772,-2.2463161877604096,-0.15633334061345522,-0.4219714286686213,0.0793192616676897,0.002111995804209356,-0.01006149137206025,0.4877700346181279,0.09121946576073606,-0.0201229827441205,0.18415510342182015,1790853022.449,imu_frame,10.901398658752441,-0.19198063015937805,,,,0.03702827599954617,odom,-2.2362546963883494,0.0,progress=0.2641;speed=0.4500;settled=False
13352.952486,imu_sample,,,,1790853022.483,,,,,,,,,,,,,,,,,,,,,,,1790853022.483,imu_frame,11.993154525756836,0.03385543450713158,,,,0.0,odom,,,
13352.970080,control_sample,left_arc_out,1,outbound,1790853022.617,odom,base_footprint,1.5562450885772705,1.1849958896636963,-2.2362546963883494,-0.2770671136462816,-0.3530019368312138,0.0,1.5132150291236321,1.1183628704095474,0.1841429922370772,0.2641429922370772,-2.2463161877604096,-0.15633334061345522,-0.4219714286686213,0.0793192616676897,0.002111995804209356,-0.01006149137206025,0.48370359814119024,0.11074982352747982,-0.0201229827441205,0.18415510342182015,1790853022.483,imu_frame,11.993154525756836,0.03385543450713158,,,,0.016692430999682983,odom,-2.2362546963883494,0.0,progress=0.2641;speed=0.4500;settled=False
13352.991001,control_sample,left_arc_out,1,outbound,1790853022.617,odom,base_footprint,1.5562450885772705,1.1849958896636963,-2.2362546963883494,-0.2770671136462816,-0.3530019368312138,0.0,1.5132150291236321,1.1183628704095474,0.1841429922370772,0.2641429922370772,-2.2463161877604096,-0.15633334061345522,-0.4219714286686213,0.0793192616676897,0.002111995804209356,-0.01006149137206025,0.47962007766962017,0.13036223262569013,-0.0201229827441205,0.18415510342182015,1790853022.483,imu_frame,11.993154525756836,0.03385543450713158,,,,0.03672544700020808,odom,-2.2362546963883494,0.0,progress=0.2641;speed=0.4500;settled=False
13353.010441,control_sample,left_arc_out,1,outbound,1790853022.72,odom,base_footprint,1.5269098281860352,1.1463323831558228,-2.234666816354729,-0.281479062348781,-0.37221192419818433,0.015267801471054554,1.5019867058960241,1.0710177322058168,0.23292217800584306,0.31292217800584304,-2.2463161877604096,-0.0498067796550605,-0.4472351559307388,0.07933132213951867,0.0006910559724825733,-0.011649371405680675,0.4714447920465939,0.14861347989831336,-0.02329874281136135,0.23268350433163712,1790853022.483,imu_frame,11.993154525756836,0.03385543450713158,,,,0.056724030000623316,odom,-2.234666816354729,0.015267801471054554,progress=0.3129;speed=0.4500;settled=False
13353.011410,imu_sample,,,,1790853022.498,,,,,,,,,,,,,,,,,,,,,,,1790853022.498,imu_frame,8.866327285766602,0.1297292411327362,,,,0.0,odom,,,
13353.030925,control_sample,left_arc_out,1,outbound,1790853022.72,odom,base_footprint,1.5269098281860352,1.1463323831558228,-2.234666816354729,-0.281479062348781,-0.37221192419818433,0.015267801471054554,1.5019867058960241,1.0710177322058168,0.23292217800584306,0.31292217800584304,-2.2463161877604096,-0.0498067796550605,-0.4472351559307388,0.07933132213951867,0.0006910559724825733,-0.011649371405680675,0.46323782167726363,0.1669354630652197,-0.02329874281136135,0.23268350433163712,1790853022.498,imu_frame,8.866327285766602,0.1297292411327362,,,,0.017877727999803028,odom,-2.234666816354729,0.015267801471054554,progress=0.3129;speed=0.4500;settled=False
13353.051352,control_sample,left_arc_out,1,outbound,1790853022.72,odom,base_footprint,1.5269098281860352,1.1463323831558228,-2.234666816354729,-0.281479062348781,-0.37221192419818433,0.015267801471054554,1.5019867058960241,1.0710177322058168,0.23292217800584306,0.31292217800584304,-2.2463161877604096,-0.0498067796550605,-0.4472351559307388,0.07933132213951867,0.0006910559724825733,-0.011649371405680675,0.4550855605163462,0.18513530844552448,-0.02329874281136135,0.23268350433163712,1790853022.498,imu_frame,8.866327285766602,0.1297292411327362,,,,0.03781998799968278,odom,-2.234666816354729,0.015267801471054554,progress=0.3129;speed=0.4500;settled=False
13353.070058,control_sample,left_arc_out,1,outbound,1790853022.786,odom,base_footprint,1.5087841749191284,1.120742678642273,-2.235659113222386,-0.2792467993441412,-0.3934105560275953,-0.015267756767570972,1.5009327344270078,1.0405202449171456,0.2634675503703233,0.34346755037032334,-2.2463161877604096,0.018812566744448755,-0.44960659173602613,0.0806057317477099,0.005000158661458825,-0.010657074538023448,0.4447096093887889,0.20213130390881023,-0.021314149076046895,0.2640147421171106,1790853022.498,imu_frame,8.866327285766602,0.1297292411327362,,,,0.0577329039988399,odom,-2.235659113222386,-0.015267756767570972,progress=0.3435;speed=0.4500;settled=False
13353.071022,imu_sample,,,,1790853022.538,,,,,,,,,,,,,,,,,,,,,,,1790853022.538,imu_frame,9.177573204040527,0.12759870290756226,,,,0.0,odom,,,
13353.090955,control_sample,left_arc_out,1,outbound,1790853022.786,odom,base_footprint,1.5087841749191284,1.120742678642273,-2.235659113222386,-0.2792467993441412,-0.3934105560275953,-0.015267756767570972,1.5009327344270078,1.0405202449171456,0.2634675503703233,0.34346755037032334,-2.2463161877604096,0.018812566744448755,-0.44960659173602613,0.0806057317477099,0.005000158661458825,-0.010657074538023448,0.43425948915045776,0.21924878971594314,-0.021314149076046895,0.2640147421171106,1790853022.538,imu_frame,9.177573204040527,0.12759870290756226,,,,0.018186891998993815,odom,-2.235659113222386,-0.015267756767570972,progress=0.3435;speed=0.4500;settled=False
13353.111162,control_sample,left_arc_out,1,outbound,1790853022.786,odom,base_footprint,1.5087841749191284,1.120742678642273,-2.235659113222386,-0.2792467993441412,-0.3934105560275953,-0.015267756767570972,1.5009327344270078,1.0405202449171456,0.2634675503703233,0.34346755037032334,-2.2463161877604096,0.018812566744448755,-0.44960659173602613,0.0806057317477099,0.005000158661458825,-0.010657074538023448,0.4238179060635148,0.23635229151481693,-0.021314149076046895,0.2640147421171106,1790853022.538,imu_frame,9.177573204040527,0.12759870290756226,,,,0.038225764999879175,odom,-2.235659113222386,-0.015267756767570972,progress=0.3435;speed=0.4500;settled=False
13353.113135,imu_sample,,,,1790853022.58,,,,,,,,,,,,,,,,,,,,,,,1790853022.58,imu_frame,9.297284126281738,-0.13552160561084747,,,,0.0,odom,,,
13353.131321,control_sample,left_arc_out,1,outbound,1790853022.786,odom,base_footprint,1.5087841749191284,1.120742678642273,-2.235659113222386,-0.2792467993441412,-0.3934105560275953,-0.015267756767570972,1.5009327344270078,1.0405202449171456,0.2634675503703233,0.34346755037032334,-2.2463161877604096,0.018812566744448755,-0.44960659173602613,0.0806057317477099,0.005000158661458825,-0.010657074538023448,0.41341124015710173,0.2533985983409523,-0.021314149076046895,0.2640147421171106,1790853022.58,imu_frame,9.297284126281738,-0.13552160561084747,,,,0.016084949998912634,odom,-2.235659113222386,-0.015267756767570972,progress=0.3435;speed=0.4500;settled=False
13353.150514,control_sample,left_arc_out,1,outbound,1790853022.786,odom,base_footprint,1.5087841749191284,1.120742678642273,-2.235659113222386,-0.2792467993441412,-0.3934105560275953,-0.015267756767570972,1.5009327344270078,1.0405202449171456,0.2634675503703233,0.34346755037032334,-2.2463161877604096,0.018812566744448755,-0.44960659173602613,0.0806057317477099,0.005000158661458825,-0.010657074538023448,0.4029828468236068,0.27048049508531036,-0.021314149076046895,0.2640147421171106,1790853022.58,imu_frame,9.297284126281738,-0.13552160561084747,,,,0.03609850999964692,odom,-2.235659113222386,-0.015267756767570972,progress=0.3435;speed=0.4500;settled=False
13353.171104,control_sample,left_arc_out,1,outbound,1790853022.898,odom,base_footprint,1.4813597202301025,1.0726832151412964,-2.235659113222386,-0.242693881000544,-0.4253051263001006,-4.4614257177499894e-08,1.509220174703794,0.9913200702733467,0.31349111557649695,0.39349111557649696,-2.2463161877604096,0.12951295969299692,-0.43095985111325646,0.08600096665900687,0.020704598220137486,-0.010657074538023448,0.3889027037498272,0.2846687893141172,-0.021314149076046895,0.3189189893195683,1790853022.58,imu_frame,9.297284126281738,-0.13552160561084747,,,,0.05608745999961684,odom,-2.235659113222386,-4.4614257177499894e-08,progress=0.3935;speed=0.4500;settled=False
13353.172069,imu_sample,,,,1790853022.627,,,,,,,,,,,,,,,,,,,,,,,1790853022.627,imu_frame,8.626907348632812,-0.0833236575126648,,,,0.0,odom,,,
13353.190898,control_sample,left_arc_out,1,outbound,1790853022.898,odom,base_footprint,1.4813597202301025,1.0726832151412964,-2.235659113222386,-0.242693881000544,-0.4253051263001006,-4.4614257177499894e-08,1.509220174703794,0.9913200702733467,0.31349111557649695,0.39349111557649696,-2.2463161877604096,0.12951295969299692,-0.43095985111325646,0.08600096665900687,0.020704598220137486,-0.010657074538023448,0.3748340113421772,0.2988455449229462,-0.021314149076046895,0.3189189893195683,1790853022.627,imu_frame,8.626907348632812,-0.0833236575126648,,,,0.017114304000642733,odom,-2.235659113222386,-4.4614257177499894e-08,progress=0.3935;speed=0.4500;settled=False
13353.211231,control_sample,left_arc_out,1,outbound,1790853022.898,odom,base_footprint,1.4813597202301025,1.0726832151412964,-2.235659113222386,-0.242693881000544,-0.4253051263001006,-4.4614257177499894e-08,1.509220174703794,0.9913200702733467,0.31349111557649695,0.39349111557649696,-2.2463161877604096,0.12951295969299692,-0.43095985111325646,0.08600096665900687,0.020704598220137486,-0.010657074538023448,0.3607299962773661,0.3130578945062198,-0.021314149076046895,0.3189189893195683,1790853022.627,imu_frame,8.626907348632812,-0.0833236575126648,,,,0.03713714399964374,odom,-2.235659113222386,-4.4614257177499894e-08,progress=0.3935;speed=0.4500;settled=False
13353.230990,control_sample,left_arc_out,1,outbound,1790853022.966,odom,base_footprint,1.4661166667938232,1.043824315071106,-2.235659113222386,-0.22750798834792466,-0.4307301587340947,8.922851435499979e-08,1.518266642933134,0.967046514818971,0.3394137757648341,0.41941377576483413,-2.2463161877604096,0.18412845946534226,-0.4106052975972422,0.09281406479024296,0.03469630756762276,-0.010657074538023448,0.34508532701153244,0.3255349438531173,-0.021314149076046895,0.35124119200735354,1790853022.627,imu_frame,8.626907348632812,-0.0833236575126648,,,,0.0571479520003777,odom,-2.235659113222386,8.922851435499979e-08,progress=0.4194;speed=0.4500;settled=False
13353.232180,imu_sample,,,,1790853022.658,,,,,,,,,,,,,,,,,,,,,,,1790853022.658,imu_frame,5.768230438232422,-0.00023302659974433482,,,,0.0,odom,,,
13353.251055,control_sample,left_arc_out,1,outbound,1790853022.966,odom,base_footprint,1.4661166667938232,1.043824315071106,-2.235659113222386,-0.22750798834792466,-0.4307301587340947,8.922851435499979e-08,1.518266642933134,0.967046514818971,0.3394137757648341,0.41941377576483413,-2.2463161877604096,0.18412845946534226,-0.4106052975972422,0.09281406479024296,0.03469630756762276,-0.010657074538023448,0.32945374291728835,0.33800155741969495,-0.021314149076046895,0.35124119200735354,1790853022.658,imu_frame,5.768230438232422,-0.00023302659974433482,,,,0.017042718000084278,odom,-2.235659113222386,8.922851435499979e-08,progress=0.4194;speed=0.4500;settled=False
13353.269988,control_sample,left_arc_out,1,outbound,1790853022.966,odom,base_footprint,1.4661166667938232,1.043824315071106,-2.235659113222386,-0.22750798834792466,-0.4307301587340947,8.922851435499979e-08,1.518266642933134,0.967046514818971,0.3394137757648341,0.41941377576483413,-2.2463161877604096,0.18412845946534226,-0.4106052975972422,0.09281406479024296,0.03469630756762276,-0.010657074538023448,0.3138594121151331,0.3504384604723698,-0.021314149076046895,0.35124119200735354,1790853022.658,imu_frame,5.768230438232422,-0.00023302659974433482,,,,0.03698913900007028,odom,-2.235659113222386,8.922851435499979e-08,progress=0.4194;speed=0.4500;settled=False
13353.271547,imu_sample,,,,1790853022.728,,,,,,,,,,,,,,,,,,,,,,,1790853022.728,imu_frame,9.79527759552002,0.05409546196460724,,,,0.0,odom,,,
13353.290436,control_sample,left_arc_out,1,outbound,1790853022.966,odom,base_footprint,1.4661166667938232,1.043824315071106,-2.235659113222386,-0.22750798834792466,-0.4307301587340947,8.922851435499979e-08,1.518266642933134,0.967046514818971,0.3394137757648341,0.41941377576483413,-2.2463161877604096,0.18412845946534226,-0.4106052975972422,0.09281406479024296,0.03469630756762276,-0.010657074538023448,0.2981845704186116,0.3629395731535706,-0.021314149076046895,0.35124119200735354,1790853022.728,imu_frame,9.79527759552002,0.05409546196460724,,,,0.017671415000222623,odom,-2.235659113222386,8.922851435499979e-08,progress=0.4194;speed=0.4500;settled=False
13353.310881,control_sample,left_arc_out,1,outbound,1790853022.966,odom,base_footprint,1.4661166667938232,1.043824315071106,-2.235659113222386,-0.22750798834792466,-0.4307301587340947,8.922851435499979e-08,1.518266642933134,0.967046514818971,0.3394137757648341,0.41941377576483413,-2.2463161877604096,0.18412845946534226,-0.4106052975972422,0.09281406479024296,0.03469630756762276,-0.010657074538023448,0.2825281927517499,0.3754259602688107,-0.021314149076046895,0.35124119200735354,1790853022.728,imu_frame,9.79527759552002,0.05409546196460724,,,,0.03769719900083146,odom,-2.235659113222386,8.922851435499979e-08,progress=0.4194;speed=0.4500;settled=False
13353.331052,control_sample,left_arc_out,1,outbound,1790853023.056,odom,base_footprint,1.4494580030441284,1.0032325983047485,-2.2384073654547048,-0.186335285774649,-0.4505081658024353,-0.030535468831658363,1.533431532057454,0.9393282425487904,0.3710422372262709,0.4510422372262709,-2.2463161877604096,0.24649457207324832,-0.37648429706752207,0.1055240269300594,0.0554317591418427,-0.007908822305704888,0.26502471315540416,0.3850675328258059,-0.015817644611409776,0.39409903268927177,1790853022.728,imu_frame,9.79527759552002,0.05409546196460724,,,,0.0576804850006738,odom,-2.2384073654547048,-0.030535468831658363,progress=0.4510;speed=0.4500;settled=False
13353.332430,imu_sample,,,,1790853022.762,,,,,,,,,,,,,,,,,,,,,,,1790853022.762,imu_frame,9.407417297363281,-0.051365721970796585,,,,0.0,odom,,,
13353.351110,control_sample,left_arc_out,1,outbound,1790853023.056,odom,base_footprint,1.4494580030441284,1.0032325983047485,-2.2384073654547048,-0.186335285774649,-0.4505081658024353,-0.030535468831658363,1.533431532057454,0.9393282425487904,0.3710422372262709,0.4510422372262709,-2.2463161877604096,0.24649457207324832,-0.37648429706752207,0.1055240269300594,0.0554317591418427,-0.007908822305704888,0.24749359522186332,0.3947243296147576,-0.015817644611409776,0.39409903268927177,1790853022.762,imu_frame,9.407417297363281,-0.051365721970796585,,,,0.016813108000860666,odom,-2.2384073654547048,-0.030535468831658363,progress=0.4510;speed=0.4500;settled=False
13353.370101,control_sample,left_arc_out,1,outbound,1790853023.056,odom,base_footprint,1.4494580030441284,1.0032325983047485,-2.2384073654547048,-0.186335285774649,-0.4505081658024353,-0.030535468831658363,1.533431532057454,0.9393282425487904,0.3710422372262709,0.4510422372262709,-2.2463161877604096,0.24649457207324832,-0.37648429706752207,0.1055240269300594,0.0554317591418427,-0.007908822305704888,0.23002333085562654,0.40434760597816854,-0.015817644611409776,0.39409903268927177,1790853022.762,imu_frame,9.407417297363281,-0.051365721970796585,,,,0.036758473001100356,odom,-2.2384073654547048,-0.030535468831658363,progress=0.4510;speed=0.4500;settled=False
13353.371783,imu_sample,,,,1790853022.778,,,,,,,,,,,,,,,,,,,,,,,1790853022.778,imu_frame,11.169549942016602,0.07859653979539871,,,,0.0,odom,,,
13353.390983,control_sample,left_arc_out,1,outbound,1790853023.056,odom,base_footprint,1.4494580030441284,1.0032325983047485,-2.2384073654547048,-0.186335285774649,-0.4505081658024353,-0.030535468831658363,1.533431532057454,0.9393282425487904,0.3710422372262709,0.4510422372262709,-2.2463161877604096,0.24649457207324832,-0.37648429706752207,0.1055240269300594,0.0554317591418427,-0.007908822305704888,0.21248963425508188,0.4140058231935492,-0.015817644611409776,0.39409903268927177,1790853022.778,imu_frame,11.169549942016602,0.07859653979539871,,,,0.017423789000531542,odom,-2.2384073654547048,-0.030535468831658363,progress=0.4510;speed=0.4500;settled=False
13353.410897,control_sample,left_arc_out,1,outbound,1790853023.056,odom,base_footprint,1.4494580030441284,1.0032325983047485,-2.2384073654547048,-0.186335285774649,-0.4505081658024353,-0.030535468831658363,1.533431532057454,0.9393282425487904,0.3710422372262709,0.4510422372262709,-2.2463161877604096,0.24649457207324832,-0.37648429706752207,0.1055240269300594,0.0554317591418427,-0.007908822305704888,0.19496454343094097,0.4236593000247595,-0.015817644611409776,0.39409903268927177,1790853022.778,imu_frame,11.169549942016602,0.07859653979539871,,,,0.03743174800001725,odom,-2.2384073654547048,-0.030535468831658363,progress=0.4510;speed=0.4500;settled=False
13353.412692,imu_sample,,,,1790853022.818,,,,,,,,,,,,,,,,,,,,,,,1790853022.818,imu_frame,10.13525390625,0.17979666590690613,,,,0.0,odom,,,
13353.431180,control_sample,left_arc_out,1,outbound,1790853023.056,odom,base_footprint,1.4494580030441284,1.0032325983047485,-2.2384073654547048,-0.186335285774649,-0.4505081658024353,-0.030535468831658363,1.533431532057454,0.9393282425487904,0.3710422372262709,0.4510422372262709,-2.2463161877604096,0.24649457207324832,-0.37648429706752207,0.1055240269300594,0.0554317591418427,-0.007908822305704888,0.17738204572930208,0.43334439871559033,-0.015817644611409776,0.39409903268927177,1790853022.818,imu_frame,10.13525390625,0.17979666590690613,,,,0.016594954999163747,odom,-2.2384073654547048,-0.030535468831658363,progress=0.4510;speed=0.4500;settled=False
13353.450194,control_sample,left_arc_out,1,outbound,1790853023.056,odom,base_footprint,1.4494580030441284,1.0032325983047485,-2.2384073654547048,-0.186335285774649,-0.4505081658024353,-0.030535468831658363,1.533431532057454,0.9393282425487904,0.3710422372262709,0.4510422372262709,-2.2463161877604096,0.24649457207324832,-0.37648429706752207,0.1055240269300594,0.0554317591418427,-0.007908822305704888,0.15993636453907253,0.44295413374432835,-0.015817644611409776,0.39409903268927177,1790853022.818,imu_frame,10.13525390625,0.17979666590690613,,,,0.036512254000626854,odom,-2.2384073654547048,-0.030535468831658363,progress=0.4510;speed=0.4500;settled=False
13353.470121,control_sample,left_arc_out,1,outbound,1790853023.176,odom,base_footprint,1.4474295377731323,0.9498310685157776,-2.245796916700292,-0.020024486470306052,-0.4411990210663334,-0.061070993542671204,1.5575549954809593,0.90926429483931,0.4096479934683004,0.4896479934683004,-2.2463161877604096,0.3141384544195794,-0.3222065043646355,0.11735961640136752,0.07201285482806523,-0.0005192710601176209,0.1407267086829567,0.4484407950839721,-0.0010385421202352418,0.4404149026800662,1790853022.818,imu_frame,10.13525390625,0.17979666590690613,,,,0.05649009999979171,odom,-2.245796916700292,-0.061070993542671204,progress=0.4896;speed=0.4500;settled=False
13353.471256,imu_sample,,,,1790853022.859,,,,,,,,,,,,,,,,,,,,,,,1790853022.859,imu_frame,13.013084411621094,0.0018975023413076997,,,,0.0,odom,,,
13353.491133,control_sample,left_arc_out,1,outbound,1790853023.176,odom,base_footprint,1.4474295377731323,0.9498310685157776,-2.245796916700292,-0.020024486470306052,-0.4411990210663334,-0.061070993542671204,1.5575549954809593,0.90926429483931,0.4096479934683004,0.4896479934683004,-2.2463161877604096,0.3141384544195794,-0.3222065043646355,0.11735961640136752,0.07201285482806523,-0.0005192710601176209,0.12144790983885165,0.4539472050418082,-0.0010385421202352418,0.4404149026800662,1790853022.859,imu_frame,13.013084411621094,0.0018975023413076997,,,,0.01797558799989929,odom,-2.245796916700292,-0.061070993542671204,progress=0.4896;speed=0.4500;settled=False
13353.510900,control_sample,left_arc_out,1,outbound,1790853023.176,odom,base_footprint,1.4474295377731323,0.9498310685157776,-2.245796916700292,-0.020024486470306052,-0.4411990210663334,-0.061070993542671204,1.5575549954809593,0.90926429483931,0.4096479934683004,0.4896479934683004,-2.2463161877604096,0.3141384544195794,-0.3222065043646355,0.11735961640136752,0.07201285482806523,-0.0005192710601176209,0.10225711666822739,0.4594284788217776,-0.0010385421202352418,0.4404149026800662,1790853022.859,imu_frame,13.013084411621094,0.0018975023413076997,,,,0.03793381699870224,odom,-2.245796916700292,-0.061070993542671204,progress=0.4896;speed=0.4500;settled=False
13353.531153,emergency_zero,,,,,,,,,,,,,,,,,,,,,,,0.0,0.0,0.0,,,,,,,,,,,,,
13353.551703,emergency_zero,,,,,,,,,,,,,,,,,,,,,,,0.0,0.0,0.0,,,,,,,,,,,,,
13353.572364,emergency_zero,,,,,,,,,,,,,,,,,,,,,,,0.0,0.0,0.0,,,,,,,,,,,,,
13353.592838,emergency_zero,,,,,,,,,,,,,,,,,,,,,,,0.0,0.0,0.0,,,,,,,,,,,,,
13353.613367,emergency_zero,,,,,,,,,,,,,,,,,,,,,,,0.0,0.0,0.0,,,,,,,,,,,,,
13353.633933,emergency_zero,,,,,,,,,,,,,,,,,,,,,,,0.0,0.0,0.0,,,,,,,,,,,,,
13353.654563,emergency_zero,,,,,,,,,,,,,,,,,,,,,,,0.0,0.0,0.0,,,,,,,,,,,,,
13353.675002,emergency_zero,,,,,,,,,,,,,,,,,,,,,,,0.0,0.0,0.0,,,,,,,,,,,,,
13353.695526,emergency_zero,,,,,,,,,,,,,,,,,,,,,,,0.0,0.0,0.0,,,,,,,,,,,,,
13353.716141,emergency_zero,,,,,,,,,,,,,,,,,,,,,,,0.0,0.0,0.0,,,,,,,,,,,,,
13353.736647,emergency_zero,,,,,,,,,,,,,,,,,,,,,,,0.0,0.0,0.0,,,,,,,,,,,,,
13353.757252,emergency_zero,,,,,,,,,,,,,,,,,,,,,,,0.0,0.0,0.0,,,,,,,,,,,,,
13353.777912,emergency_zero,,,,,,,,,,,,,,,,,,,,,,,0.0,0.0,0.0,,,,,,,,,,,,,
13353.798462,emergency_zero,,,,,,,,,,,,,,,,,,,,,,,0.0,0.0,0.0,,,,,,,,,,,,,
13353.818859,emergency_zero,,,,,,,,,,,,,,,,,,,,,,,0.0,0.0,0.0,,,,,,,,,,,,,
13353.839377,emergency_zero,,,,,,,,,,,,,,,,,,,,,,,0.0,0.0,0.0,,,,,,,,,,,,,
13353.859961,emergency_zero,,,,,,,,,,,,,,,,,,,,,,,0.0,0.0,0.0,,,,,,,,,,,,,
13353.880634,emergency_zero,,,,,,,,,,,,,,,,,,,,,,,0.0,0.0,0.0,,,,,,,,,,,,,
13353.901285,emergency_zero,,,,,,,,,,,,,,,,,,,,,,,0.0,0.0,0.0,,,,,,,,,,,,,
13353.921819,emergency_zero,,,,,,,,,,,,,,,,,,,,,,,0.0,0.0,0.0,,,,,,,,,,,,,
13353.942410,emergency_zero,,,,,,,,,,,,,,,,,,,,,,,0.0,0.0,0.0,,,,,,,,,,,,,
13353.962981,emergency_zero,,,,,,,,,,,,,,,,,,,,,,,0.0,0.0,0.0,,,,,,,,,,,,,
13353.983704,emergency_zero,,,,,,,,,,,,,,,,,,,,,,,0.0,0.0,0.0,,,,,,,,,,,,,
13354.004306,emergency_zero,,,,,,,,,,,,,,,,,,,,,,,0.0,0.0,0.0,,,,,,,,,,,,,
13354.024802,emergency_zero,,,,,,,,,,,,,,,,,,,,,,,0.0,0.0,0.0,,,,,,,,,,,,,
13354.031039,trial_stop,,,,1790853023.236,,,1.4498426914215088,0.9241988062858582,-2.244896206851828,,,,,,,,,,,,,,,,,,,,,,,,,,odom,-2.244896206851828,0.015267672017216682,geometric_corridor_envelope
